timestamp,experiment_id,dataset,model,model_type,input_type,input_len,horizon,seed,num_features,total_parameters,trainable_parameters,epochs_requested,epochs_ran,best_epoch,best_val_loss,stopped_early,mae,rmse,wape,checkpoint_path,metrics_path,predictions_path,config_path
2026-06-30T23:49:07.552686+00:00,ETTh1_naive_multivariate_len96_h24_seed42,ETTh1,naive,baseline,multivariate,96,24,42,7,0,0,100,0,,,False,1.452306866645813,1.9645780531595523,18.456783294677734,,results/metrics/ETTh1_naive_multivariate_len96_h24_seed42_metrics.json,results/predictions/ETTh1_naive_multivariate_len96_h24_seed42_predictions.csv,results/logs/ETTh1_naive_multivariate_len96_h24_seed42_config.yaml
2026-06-30T23:49:26.217202+00:00,ETTh1_linear_multivariate_len96_h24_seed42,ETTh1,linear,linear,multivariate,96,24,42,7,16152,16152,60,33,23,0.03873999089314964,True,1.4274424314498901,1.8933599567668218,18.140792846679688,results/checkpoints/ETTh1_linear_multivariate_len96_h24_seed42_best.pt,results/metrics/ETTh1_linear_multivariate_len96_h24_seed42_metrics.json,results/predictions/ETTh1_linear_multivariate_len96_h24_seed42_predictions.csv,results/logs/ETTh1_linear_multivariate_len96_h24_seed42_config.yaml
2026-06-30T23:50:12.380518+00:00,ETTh1_lstm_multivariate_len96_h24_seed42,ETTh1,lstm,recurrent,multivariate,96,24,42,7,53528,53528,40,13,3,0.11999050785963103,True,1.5865854024887085,2.1292737731072267,20.16327667236328,results/checkpoints/ETTh1_lstm_multivariate_len96_h24_seed42_best.pt,results/metrics/ETTh1_lstm_multivariate_len96_h24_seed42_metrics.json,results/predictions/ETTh1_lstm_multivariate_len96_h24_seed42_predictions.csv,results/logs/ETTh1_lstm_multivariate_len96_h24_seed42_config.yaml
2026-06-30T23:51:41.780102+00:00,ETTh1_transformer_multivariate_len96_h24_seed42,ETTh1,transformer,attention,multivariate,96,24,42,7,69016,69016,40,14,4,0.0755357790908302,True,1.4898529052734375,1.9346706281569286,18.933942794799805,results/checkpoints/ETTh1_transformer_multivariate_len96_h24_seed42_best.pt,results/metrics/ETTh1_transformer_multivariate_len96_h24_seed42_metrics.json,results/predictions/ETTh1_transformer_multivariate_len96_h24_seed42_predictions.csv,results/logs/ETTh1_transformer_multivariate_len96_h24_seed42_config.yaml
2026-07-01T20:53:38.301514+00:00,ETTh1_naive_univariate_len96_h24_seed42,ETTh1,naive,baseline,univariate,96,24,42,1,0,0,100,0,,,False,1.452306866645813,1.9645780531595523,18.456783294677734,,results/metrics/ETTh1_naive_univariate_len96_h24_seed42_metrics.json,results/predictions/ETTh1_naive_univariate_len96_h24_seed42_predictions.csv,results/logs/ETTh1_naive_univariate_len96_h24_seed42_config.yaml
2026-07-01T20:53:58.404041+00:00,ETTh1_linear_univariate_len96_h24_seed42,ETTh1,linear,linear,univariate,96,24,42,1,2328,2328,100,47,37,0.03281563194985381,True,1.3274134397506714,1.795099193626836,16.869564056396484,results/checkpoints/ETTh1_linear_univariate_len96_h24_seed42_best.pt,results/metrics/ETTh1_linear_univariate_len96_h24_seed42_metrics.json,results/predictions/ETTh1_linear_univariate_len96_h24_seed42_predictions.csv,results/logs/ETTh1_linear_univariate_len96_h24_seed42_config.yaml
2026-07-01T20:54:13.242610+00:00,ETTh1_nlinear_univariate_len96_h24_seed42,ETTh1,nlinear,linear,univariate,96,24,42,1,2328,2328,100,36,26,0.032375713516343683,True,1.3276915550231934,1.7933578567648019,16.873098373413086,results/checkpoints/ETTh1_nlinear_univariate_len96_h24_seed42_best.pt,results/metrics/ETTh1_nlinear_univariate_len96_h24_seed42_metrics.json,results/predictions/ETTh1_nlinear_univariate_len96_h24_seed42_predictions.csv,results/logs/ETTh1_nlinear_univariate_len96_h24_seed42_config.yaml
2026-07-01T20:54:26.633752+00:00,ETTh1_dlinear_univariate_len96_h24_seed42,ETTh1,dlinear,linear,univariate,96,24,42,1,4656,4656,100,22,12,0.0325841064255974,True,1.3291804790496826,1.7906208164772042,16.89202117919922,results/checkpoints/ETTh1_dlinear_univariate_len96_h24_seed42_best.pt,results/metrics/ETTh1_dlinear_univariate_len96_h24_seed42_metrics.json,results/predictions/ETTh1_dlinear_univariate_len96_h24_seed42_predictions.csv,results/logs/ETTh1_dlinear_univariate_len96_h24_seed42_config.yaml
2026-07-01T20:54:27.058704+00:00,ETTh1_naive_univariate_len96_h24_seed2024,ETTh1,naive,baseline,univariate,96,24,2024,1,0,0,100,0,,,False,1.452306866645813,1.9645780531595523,18.456783294677734,,results/metrics/ETTh1_naive_univariate_len96_h24_seed2024_metrics.json,results/predictions/ETTh1_naive_univariate_len96_h24_seed2024_predictions.csv,results/logs/ETTh1_naive_univariate_len96_h24_seed2024_config.yaml
2026-07-01T20:54:43.859405+00:00,ETTh1_linear_univariate_len96_h24_seed2024,ETTh1,linear,linear,univariate,96,24,2024,1,2328,2328,100,42,32,0.03282690585077581,True,1.3332836627960205,1.8006782419528704,16.94416618347168,results/checkpoints/ETTh1_linear_univariate_len96_h24_seed2024_best.pt,results/metrics/ETTh1_linear_univariate_len96_h24_seed2024_metrics.json,results/predictions/ETTh1_linear_univariate_len96_h24_seed2024_predictions.csv,results/logs/ETTh1_linear_univariate_len96_h24_seed2024_config.yaml
2026-07-01T20:55:00.770180+00:00,ETTh1_nlinear_univariate_len96_h24_seed2024,ETTh1,nlinear,linear,univariate,96,24,2024,1,2328,2328,100,40,30,0.03232057401095086,True,1.3335217237472534,1.7991286367425874,16.94719123840332,results/checkpoints/ETTh1_nlinear_univariate_len96_h24_seed2024_best.pt,results/metrics/ETTh1_nlinear_univariate_len96_h24_seed2024_metrics.json,results/predictions/ETTh1_nlinear_univariate_len96_h24_seed2024_predictions.csv,results/logs/ETTh1_nlinear_univariate_len96_h24_seed2024_config.yaml
2026-07-01T20:55:25.758878+00:00,ETTh1_dlinear_univariate_len96_h24_seed2024,ETTh1,dlinear,linear,univariate,96,24,2024,1,4656,4656,100,43,33,0.03265973094405214,True,1.323022484779358,1.792008751732879,16.81376075744629,results/checkpoints/ETTh1_dlinear_univariate_len96_h24_seed2024_best.pt,results/metrics/ETTh1_dlinear_univariate_len96_h24_seed2024_metrics.json,results/predictions/ETTh1_dlinear_univariate_len96_h24_seed2024_predictions.csv,results/logs/ETTh1_dlinear_univariate_len96_h24_seed2024_config.yaml
2026-07-01T20:55:26.175366+00:00,ETTh1_naive_univariate_len96_h24_seed3407,ETTh1,naive,baseline,univariate,96,24,3407,1,0,0,100,0,,,False,1.452306866645813,1.9645780531595523,18.456783294677734,,results/metrics/ETTh1_naive_univariate_len96_h24_seed3407_metrics.json,results/predictions/ETTh1_naive_univariate_len96_h24_seed3407_predictions.csv,results/logs/ETTh1_naive_univariate_len96_h24_seed3407_config.yaml
2026-07-01T20:55:37.791535+00:00,ETTh1_linear_univariate_len96_h24_seed3407,ETTh1,linear,linear,univariate,96,24,3407,1,2328,2328,100,28,18,0.03349090222172834,True,1.358269453048706,1.823681247767008,17.261699676513672,results/checkpoints/ETTh1_linear_univariate_len96_h24_seed3407_best.pt,results/metrics/ETTh1_linear_univariate_len96_h24_seed3407_metrics.json,results/predictions/ETTh1_linear_univariate_len96_h24_seed3407_predictions.csv,results/logs/ETTh1_linear_univariate_len96_h24_seed3407_config.yaml
2026-07-01T20:55:50.236197+00:00,ETTh1_nlinear_univariate_len96_h24_seed3407,ETTh1,nlinear,linear,univariate,96,24,3407,1,2328,2328,100,29,19,0.03227975852925298,True,1.3484532833099365,1.8131128787687838,17.136951446533203,results/checkpoints/ETTh1_nlinear_univariate_len96_h24_seed3407_best.pt,results/metrics/ETTh1_nlinear_univariate_len96_h24_seed3407_metrics.json,results/predictions/ETTh1_nlinear_univariate_len96_h24_seed3407_predictions.csv,results/logs/ETTh1_nlinear_univariate_len96_h24_seed3407_config.yaml
2026-07-01T20:56:02.387895+00:00,ETTh1_dlinear_univariate_len96_h24_seed3407,ETTh1,dlinear,linear,univariate,96,24,3407,1,4656,4656,100,20,10,0.03276445193540043,True,1.3300352096557617,1.7962387948957605,16.902883529663086,results/checkpoints/ETTh1_dlinear_univariate_len96_h24_seed3407_best.pt,results/metrics/ETTh1_dlinear_univariate_len96_h24_seed3407_metrics.json,results/predictions/ETTh1_dlinear_univariate_len96_h24_seed3407_predictions.csv,results/logs/ETTh1_dlinear_univariate_len96_h24_seed3407_config.yaml
2026-07-01T20:56:03.104089+00:00,ETTh1_naive_univariate_len96_h48_seed42,ETTh1,naive,baseline,univariate,96,48,42,1,0,0,100,0,,,False,1.8349169492721558,2.4346655969683555,23.288991928100586,,results/metrics/ETTh1_naive_univariate_len96_h48_seed42_metrics.json,results/predictions/ETTh1_naive_univariate_len96_h48_seed42_predictions.csv,results/logs/ETTh1_naive_univariate_len96_h48_seed42_config.yaml
2026-07-01T20:56:13.485197+00:00,ETTh1_linear_univariate_len96_h48_seed42,ETTh1,linear,linear,univariate,96,48,42,1,4656,4656,100,22,12,0.05219839266658725,True,1.7613322734832764,2.3037480912844885,22.355045318603516,results/checkpoints/ETTh1_linear_univariate_len96_h48_seed42_best.pt,results/metrics/ETTh1_linear_univariate_len96_h48_seed42_metrics.json,results/predictions/ETTh1_linear_univariate_len96_h48_seed42_predictions.csv,results/logs/ETTh1_linear_univariate_len96_h48_seed42_config.yaml
2026-07-01T20:56:19.359581+00:00,ETTh1_nlinear_univariate_len96_h48_seed42,ETTh1,nlinear,linear,univariate,96,48,42,1,4656,4656,100,12,2,0.05069543206796181,True,1.7471765279769897,2.291174945673802,22.175378799438477,results/checkpoints/ETTh1_nlinear_univariate_len96_h48_seed42_best.pt,results/metrics/ETTh1_nlinear_univariate_len96_h48_seed42_metrics.json,results/predictions/ETTh1_nlinear_univariate_len96_h48_seed42_predictions.csv,results/logs/ETTh1_nlinear_univariate_len96_h48_seed42_config.yaml
2026-07-01T20:56:33.625978+00:00,ETTh1_dlinear_univariate_len96_h48_seed42,ETTh1,dlinear,linear,univariate,96,48,42,1,9312,9312,100,23,13,0.05150266577756599,True,1.7419642210006714,2.283443911397121,22.10922622680664,results/checkpoints/ETTh1_dlinear_univariate_len96_h48_seed42_best.pt,results/metrics/ETTh1_dlinear_univariate_len96_h48_seed42_metrics.json,results/predictions/ETTh1_dlinear_univariate_len96_h48_seed42_predictions.csv,results/logs/ETTh1_dlinear_univariate_len96_h48_seed42_config.yaml
2026-07-01T20:56:34.278681+00:00,ETTh1_naive_univariate_len96_h48_seed2024,ETTh1,naive,baseline,univariate,96,48,2024,1,0,0,100,0,,,False,1.8349169492721558,2.4346655969683555,23.288991928100586,,results/metrics/ETTh1_naive_univariate_len96_h48_seed2024_metrics.json,results/predictions/ETTh1_naive_univariate_len96_h48_seed2024_predictions.csv,results/logs/ETTh1_naive_univariate_len96_h48_seed2024_config.yaml
2026-07-01T20:56:48.010380+00:00,ETTh1_linear_univariate_len96_h48_seed2024,ETTh1,linear,linear,univariate,96,48,2024,1,4656,4656,100,32,22,0.05167524356660765,True,1.7424403429031372,2.284200458668652,22.11526870727539,results/checkpoints/ETTh1_linear_univariate_len96_h48_seed2024_best.pt,results/metrics/ETTh1_linear_univariate_len96_h48_seed2024_metrics.json,results/predictions/ETTh1_linear_univariate_len96_h48_seed2024_predictions.csv,results/logs/ETTh1_linear_univariate_len96_h48_seed2024_config.yaml
2026-07-01T20:56:58.235396+00:00,ETTh1_nlinear_univariate_len96_h48_seed2024,ETTh1,nlinear,linear,univariate,96,48,2024,1,4656,4656,100,23,13,0.05039030597434473,True,1.7233283519744873,2.2670944184243367,21.872695922851562,results/checkpoints/ETTh1_nlinear_univariate_len96_h48_seed2024_best.pt,results/metrics/ETTh1_nlinear_univariate_len96_h48_seed2024_metrics.json,results/predictions/ETTh1_nlinear_univariate_len96_h48_seed2024_predictions.csv,results/logs/ETTh1_nlinear_univariate_len96_h48_seed2024_config.yaml
2026-07-01T20:57:12.071442+00:00,ETTh1_dlinear_univariate_len96_h48_seed2024,ETTh1,dlinear,linear,univariate,96,48,2024,1,9312,9312,100,23,13,0.051993651565010464,True,1.7097339630126953,2.2589015775992265,21.700153350830078,results/checkpoints/ETTh1_dlinear_univariate_len96_h48_seed2024_best.pt,results/metrics/ETTh1_dlinear_univariate_len96_h48_seed2024_metrics.json,results/predictions/ETTh1_dlinear_univariate_len96_h48_seed2024_predictions.csv,results/logs/ETTh1_dlinear_univariate_len96_h48_seed2024_config.yaml
2026-07-01T20:57:12.705230+00:00,ETTh1_naive_univariate_len96_h48_seed3407,ETTh1,naive,baseline,univariate,96,48,3407,1,0,0,100,0,,,False,1.8349169492721558,2.4346655969683555,23.288991928100586,,results/metrics/ETTh1_naive_univariate_len96_h48_seed3407_metrics.json,results/predictions/ETTh1_naive_univariate_len96_h48_seed3407_predictions.csv,results/logs/ETTh1_naive_univariate_len96_h48_seed3407_config.yaml
2026-07-01T20:57:28.180604+00:00,ETTh1_linear_univariate_len96_h48_seed3407,ETTh1,linear,linear,univariate,96,48,3407,1,4656,4656,100,37,27,0.05136441866936015,True,1.7273694276809692,2.2706165968563328,21.92398452758789,results/checkpoints/ETTh1_linear_univariate_len96_h48_seed3407_best.pt,results/metrics/ETTh1_linear_univariate_len96_h48_seed3407_metrics.json,results/predictions/ETTh1_linear_univariate_len96_h48_seed3407_predictions.csv,results/logs/ETTh1_linear_univariate_len96_h48_seed3407_config.yaml
2026-07-01T20:57:41.484298+00:00,ETTh1_nlinear_univariate_len96_h48_seed3407,ETTh1,nlinear,linear,univariate,96,48,3407,1,4656,4656,100,30,20,0.05053140104600276,True,1.7416486740112305,2.287768313821802,22.105220794677734,results/checkpoints/ETTh1_nlinear_univariate_len96_h48_seed3407_best.pt,results/metrics/ETTh1_nlinear_univariate_len96_h48_seed3407_metrics.json,results/predictions/ETTh1_nlinear_univariate_len96_h48_seed3407_predictions.csv,results/logs/ETTh1_nlinear_univariate_len96_h48_seed3407_config.yaml
2026-07-01T20:57:52.451600+00:00,ETTh1_dlinear_univariate_len96_h48_seed3407,ETTh1,dlinear,linear,univariate,96,48,3407,1,9312,9312,100,18,8,0.0516630195789925,True,1.7174358367919922,2.272764020969495,21.79790687561035,results/checkpoints/ETTh1_dlinear_univariate_len96_h48_seed3407_best.pt,results/metrics/ETTh1_dlinear_univariate_len96_h48_seed3407_metrics.json,results/predictions/ETTh1_dlinear_univariate_len96_h48_seed3407_predictions.csv,results/logs/ETTh1_dlinear_univariate_len96_h48_seed3407_config.yaml
2026-07-01T20:57:53.588160+00:00,ETTh1_naive_univariate_len96_h96_seed42,ETTh1,naive,baseline,univariate,96,96,42,1,0,0,100,0,,,False,2.3309926986694336,3.061985361882757,29.489227294921875,,results/metrics/ETTh1_naive_univariate_len96_h96_seed42_metrics.json,results/predictions/ETTh1_naive_univariate_len96_h96_seed42_predictions.csv,results/logs/ETTh1_naive_univariate_len96_h96_seed42_config.yaml
2026-07-01T20:58:02.246992+00:00,ETTh1_linear_univariate_len96_h96_seed42,ETTh1,linear,linear,univariate,96,96,42,1,9312,9312,100,17,7,0.07755322167950292,True,2.125760793685913,2.7603477517408512,26.892852783203125,results/checkpoints/ETTh1_linear_univariate_len96_h96_seed42_best.pt,results/metrics/ETTh1_linear_univariate_len96_h96_seed42_metrics.json,results/predictions/ETTh1_linear_univariate_len96_h96_seed42_predictions.csv,results/logs/ETTh1_linear_univariate_len96_h96_seed42_config.yaml
2026-07-01T20:58:09.730689+00:00,ETTh1_nlinear_univariate_len96_h96_seed42,ETTh1,nlinear,linear,univariate,96,96,42,1,9312,9312,100,15,5,0.07232452498328301,True,2.1351518630981445,2.7697698708248493,27.011659622192383,results/checkpoints/ETTh1_nlinear_univariate_len96_h96_seed42_best.pt,results/metrics/ETTh1_nlinear_univariate_len96_h96_seed42_metrics.json,results/predictions/ETTh1_nlinear_univariate_len96_h96_seed42_predictions.csv,results/logs/ETTh1_nlinear_univariate_len96_h96_seed42_config.yaml
2026-07-01T20:58:22.763999+00:00,ETTh1_dlinear_univariate_len96_h96_seed42,ETTh1,dlinear,linear,univariate,96,96,42,1,18624,18624,100,20,10,0.07599226567053026,True,2.104189872741699,2.737619883381367,26.619958877563477,results/checkpoints/ETTh1_dlinear_univariate_len96_h96_seed42_best.pt,results/metrics/ETTh1_dlinear_univariate_len96_h96_seed42_metrics.json,results/predictions/ETTh1_dlinear_univariate_len96_h96_seed42_predictions.csv,results/logs/ETTh1_dlinear_univariate_len96_h96_seed42_config.yaml
2026-07-01T20:58:23.822764+00:00,ETTh1_naive_univariate_len96_h96_seed2024,ETTh1,naive,baseline,univariate,96,96,2024,1,0,0,100,0,,,False,2.3309926986694336,3.061985361882757,29.489227294921875,,results/metrics/ETTh1_naive_univariate_len96_h96_seed2024_metrics.json,results/predictions/ETTh1_naive_univariate_len96_h96_seed2024_predictions.csv,results/logs/ETTh1_naive_univariate_len96_h96_seed2024_config.yaml
2026-07-01T20:58:31.582013+00:00,ETTh1_linear_univariate_len96_h96_seed2024,ETTh1,linear,linear,univariate,96,96,2024,1,9312,9312,100,16,6,0.07494563512263759,True,2.1680734157562256,2.8096492306760426,27.428146362304688,results/checkpoints/ETTh1_linear_univariate_len96_h96_seed2024_best.pt,results/metrics/ETTh1_linear_univariate_len96_h96_seed2024_metrics.json,results/predictions/ETTh1_linear_univariate_len96_h96_seed2024_predictions.csv,results/logs/ETTh1_linear_univariate_len96_h96_seed2024_config.yaml
2026-07-01T20:58:38.571332+00:00,ETTh1_nlinear_univariate_len96_h96_seed2024,ETTh1,nlinear,linear,univariate,96,96,2024,1,9312,9312,100,14,4,0.071930377425686,True,2.1322500705718994,2.7719434555528855,26.974946975708008,results/checkpoints/ETTh1_nlinear_univariate_len96_h96_seed2024_best.pt,results/metrics/ETTh1_nlinear_univariate_len96_h96_seed2024_metrics.json,results/predictions/ETTh1_nlinear_univariate_len96_h96_seed2024_predictions.csv,results/logs/ETTh1_nlinear_univariate_len96_h96_seed2024_config.yaml
2026-07-01T20:58:50.743817+00:00,ETTh1_dlinear_univariate_len96_h96_seed2024,ETTh1,dlinear,linear,univariate,96,96,2024,1,18624,18624,100,19,9,0.07477379483561362,True,2.1469032764434814,2.7731470090221833,27.16032600402832,results/checkpoints/ETTh1_dlinear_univariate_len96_h96_seed2024_best.pt,results/metrics/ETTh1_dlinear_univariate_len96_h96_seed2024_metrics.json,results/predictions/ETTh1_dlinear_univariate_len96_h96_seed2024_predictions.csv,results/logs/ETTh1_dlinear_univariate_len96_h96_seed2024_config.yaml
2026-07-01T20:58:51.805940+00:00,ETTh1_naive_univariate_len96_h96_seed3407,ETTh1,naive,baseline,univariate,96,96,3407,1,0,0,100,0,,,False,2.3309926986694336,3.061985361882757,29.489227294921875,,results/metrics/ETTh1_naive_univariate_len96_h96_seed3407_metrics.json,results/predictions/ETTh1_naive_univariate_len96_h96_seed3407_predictions.csv,results/logs/ETTh1_naive_univariate_len96_h96_seed3407_config.yaml
2026-07-01T20:59:00.073141+00:00,ETTh1_linear_univariate_len96_h96_seed3407,ETTh1,linear,linear,univariate,96,96,3407,1,9312,9312,100,17,7,0.07515527025345833,True,2.149949789047241,2.783679115684475,27.19886589050293,results/checkpoints/ETTh1_linear_univariate_len96_h96_seed3407_best.pt,results/metrics/ETTh1_linear_univariate_len96_h96_seed3407_metrics.json,results/predictions/ETTh1_linear_univariate_len96_h96_seed3407_predictions.csv,results/logs/ETTh1_linear_univariate_len96_h96_seed3407_config.yaml
2026-07-01T20:59:10.628891+00:00,ETTh1_nlinear_univariate_len96_h96_seed3407,ETTh1,nlinear,linear,univariate,96,96,3407,1,9312,9312,100,22,12,0.07164947557833887,True,2.1366145610809326,2.7757623089381114,27.03016471862793,results/checkpoints/ETTh1_nlinear_univariate_len96_h96_seed3407_best.pt,results/metrics/ETTh1_nlinear_univariate_len96_h96_seed3407_metrics.json,results/predictions/ETTh1_nlinear_univariate_len96_h96_seed3407_predictions.csv,results/logs/ETTh1_nlinear_univariate_len96_h96_seed3407_config.yaml
2026-07-01T20:59:22.887152+00:00,ETTh1_dlinear_univariate_len96_h96_seed3407,ETTh1,dlinear,linear,univariate,96,96,3407,1,18624,18624,100,19,9,0.07389962572243906,True,2.1521921157836914,2.784459009412359,27.22723388671875,results/checkpoints/ETTh1_dlinear_univariate_len96_h96_seed3407_best.pt,results/metrics/ETTh1_dlinear_univariate_len96_h96_seed3407_metrics.json,results/predictions/ETTh1_dlinear_univariate_len96_h96_seed3407_predictions.csv,results/logs/ETTh1_dlinear_univariate_len96_h96_seed3407_config.yaml
2026-07-01T20:59:23.334367+00:00,ETTh1_naive_multivariate_len96_h24_seed2024,ETTh1,naive,baseline,multivariate,96,24,2024,7,0,0,100,0,,,False,1.452306866645813,1.9645780531595523,18.456783294677734,,results/metrics/ETTh1_naive_multivariate_len96_h24_seed2024_metrics.json,results/predictions/ETTh1_naive_multivariate_len96_h24_seed2024_predictions.csv,results/logs/ETTh1_naive_multivariate_len96_h24_seed2024_config.yaml
2026-07-01T20:59:37.189981+00:00,ETTh1_linear_multivariate_len96_h24_seed2024,ETTh1,linear,linear,multivariate,96,24,2024,7,16152,16152,100,27,17,0.040108362989070674,True,1.443321704864502,1.9056951622137235,18.342594146728516,results/checkpoints/ETTh1_linear_multivariate_len96_h24_seed2024_best.pt,results/metrics/ETTh1_linear_multivariate_len96_h24_seed2024_metrics.json,results/predictions/ETTh1_linear_multivariate_len96_h24_seed2024_predictions.csv,results/logs/ETTh1_linear_multivariate_len96_h24_seed2024_config.yaml
2026-07-01T20:59:57.525774+00:00,ETTh1_nlinear_multivariate_len96_h24_seed2024,ETTh1,nlinear,linear,multivariate,96,24,2024,7,16152,16152,100,35,25,0.035968586395962024,True,1.4243407249450684,1.9121761446742056,18.10137367248535,results/checkpoints/ETTh1_nlinear_multivariate_len96_h24_seed2024_best.pt,results/metrics/ETTh1_nlinear_multivariate_len96_h24_seed2024_metrics.json,results/predictions/ETTh1_nlinear_multivariate_len96_h24_seed2024_predictions.csv,results/logs/ETTh1_nlinear_multivariate_len96_h24_seed2024_config.yaml
2026-07-01T21:00:18.920093+00:00,ETTh1_dlinear_multivariate_len96_h24_seed2024,ETTh1,dlinear,linear,multivariate,96,24,2024,7,32304,32304,100,40,30,0.03889073756937989,True,1.4530665874481201,1.912655994810105,18.466440200805664,results/checkpoints/ETTh1_dlinear_multivariate_len96_h24_seed2024_best.pt,results/metrics/ETTh1_dlinear_multivariate_len96_h24_seed2024_metrics.json,results/predictions/ETTh1_dlinear_multivariate_len96_h24_seed2024_predictions.csv,results/logs/ETTh1_dlinear_multivariate_len96_h24_seed2024_config.yaml
2026-07-01T21:00:19.359612+00:00,ETTh1_naive_multivariate_len96_h24_seed3407,ETTh1,naive,baseline,multivariate,96,24,3407,7,0,0,100,0,,,False,1.452306866645813,1.9645780531595523,18.456783294677734,,results/metrics/ETTh1_naive_multivariate_len96_h24_seed3407_metrics.json,results/predictions/ETTh1_naive_multivariate_len96_h24_seed3407_predictions.csv,results/logs/ETTh1_naive_multivariate_len96_h24_seed3407_config.yaml
2026-07-01T21:00:37.091576+00:00,ETTh1_linear_multivariate_len96_h24_seed3407,ETTh1,linear,linear,multivariate,96,24,3407,7,16152,16152,100,38,28,0.039136884683506554,True,1.4084135293960571,1.886198679009069,17.898962020874023,results/checkpoints/ETTh1_linear_multivariate_len96_h24_seed3407_best.pt,results/metrics/ETTh1_linear_multivariate_len96_h24_seed3407_metrics.json,results/predictions/ETTh1_linear_multivariate_len96_h24_seed3407_predictions.csv,results/logs/ETTh1_linear_multivariate_len96_h24_seed3407_config.yaml
2026-07-01T21:01:05.645981+00:00,ETTh1_nlinear_multivariate_len96_h24_seed3407,ETTh1,nlinear,linear,multivariate,96,24,3407,7,16152,16152,100,60,50,0.035967843365911786,True,1.384157657623291,1.8571014609281962,17.5907039642334,results/checkpoints/ETTh1_nlinear_multivariate_len96_h24_seed3407_best.pt,results/metrics/ETTh1_nlinear_multivariate_len96_h24_seed3407_metrics.json,results/predictions/ETTh1_nlinear_multivariate_len96_h24_seed3407_predictions.csv,results/logs/ETTh1_nlinear_multivariate_len96_h24_seed3407_config.yaml
2026-07-01T21:01:39.022004+00:00,ETTh1_dlinear_multivariate_len96_h24_seed3407,ETTh1,dlinear,linear,multivariate,96,24,3407,7,32304,32304,100,63,53,0.03855577696909446,True,1.3667148351669312,1.8464203586379908,17.369028091430664,results/checkpoints/ETTh1_dlinear_multivariate_len96_h24_seed3407_best.pt,results/metrics/ETTh1_dlinear_multivariate_len96_h24_seed3407_metrics.json,results/predictions/ETTh1_dlinear_multivariate_len96_h24_seed3407_predictions.csv,results/logs/ETTh1_dlinear_multivariate_len96_h24_seed3407_config.yaml
2026-07-01T21:01:39.732524+00:00,ETTh1_naive_multivariate_len96_h48_seed42,ETTh1,naive,baseline,multivariate,96,48,42,7,0,0,100,0,,,False,1.8349169492721558,2.4346655969683555,23.288991928100586,,results/metrics/ETTh1_naive_multivariate_len96_h48_seed42_metrics.json,results/predictions/ETTh1_naive_multivariate_len96_h48_seed42_predictions.csv,results/logs/ETTh1_naive_multivariate_len96_h48_seed42_config.yaml
2026-07-01T21:02:09.975796+00:00,ETTh1_linear_multivariate_len96_h48_seed42,ETTh1,linear,linear,multivariate,96,48,42,7,32304,32304,100,46,36,0.061548605850327745,True,1.7878963947296143,2.339251868482575,22.692201614379883,results/checkpoints/ETTh1_linear_multivariate_len96_h48_seed42_best.pt,results/metrics/ETTh1_linear_multivariate_len96_h48_seed42_metrics.json,results/predictions/ETTh1_linear_multivariate_len96_h48_seed42_predictions.csv,results/logs/ETTh1_linear_multivariate_len96_h48_seed42_config.yaml
2026-07-01T21:02:33.103459+00:00,ETTh1_nlinear_multivariate_len96_h48_seed42,ETTh1,nlinear,linear,multivariate,96,48,42,7,32304,32304,100,41,31,0.05575820881971281,True,1.805091142654419,2.3672785473930325,22.91044044494629,results/checkpoints/ETTh1_nlinear_multivariate_len96_h48_seed42_best.pt,results/metrics/ETTh1_nlinear_multivariate_len96_h48_seed42_metrics.json,results/predictions/ETTh1_nlinear_multivariate_len96_h48_seed42_predictions.csv,results/logs/ETTh1_nlinear_multivariate_len96_h48_seed42_config.yaml
2026-07-01T21:02:55.051775+00:00,ETTh1_dlinear_multivariate_len96_h48_seed42,ETTh1,dlinear,linear,multivariate,96,48,42,7,64608,64608,100,32,22,0.061538257809805784,True,1.8097537755966187,2.3474414492324325,22.96961784362793,results/checkpoints/ETTh1_dlinear_multivariate_len96_h48_seed42_best.pt,results/metrics/ETTh1_dlinear_multivariate_len96_h48_seed42_metrics.json,results/predictions/ETTh1_dlinear_multivariate_len96_h48_seed42_predictions.csv,results/logs/ETTh1_dlinear_multivariate_len96_h48_seed42_config.yaml
2026-07-01T21:02:55.716558+00:00,ETTh1_naive_multivariate_len96_h48_seed2024,ETTh1,naive,baseline,multivariate,96,48,2024,7,0,0,100,0,,,False,1.8349169492721558,2.4346655969683555,23.288991928100586,,results/metrics/ETTh1_naive_multivariate_len96_h48_seed2024_metrics.json,results/predictions/ETTh1_naive_multivariate_len96_h48_seed2024_predictions.csv,results/logs/ETTh1_naive_multivariate_len96_h48_seed2024_config.yaml
2026-07-01T21:03:17.653331+00:00,ETTh1_linear_multivariate_len96_h48_seed2024,ETTh1,linear,linear,multivariate,96,48,2024,7,32304,32304,100,40,30,0.06048958281868689,True,1.7986469268798828,2.3477763876745623,22.828649520874023,results/checkpoints/ETTh1_linear_multivariate_len96_h48_seed2024_best.pt,results/metrics/ETTh1_linear_multivariate_len96_h48_seed2024_metrics.json,results/predictions/ETTh1_linear_multivariate_len96_h48_seed2024_predictions.csv,results/logs/ETTh1_linear_multivariate_len96_h48_seed2024_config.yaml
2026-07-01T21:03:46.225237+00:00,ETTh1_nlinear_multivariate_len96_h48_seed2024,ETTh1,nlinear,linear,multivariate,96,48,2024,7,32304,32304,100,48,38,0.05470407328501959,True,1.7596218585968018,2.320543271286613,22.333337783813477,results/checkpoints/ETTh1_nlinear_multivariate_len96_h48_seed2024_best.pt,results/metrics/ETTh1_nlinear_multivariate_len96_h48_seed2024_metrics.json,results/predictions/ETTh1_nlinear_multivariate_len96_h48_seed2024_predictions.csv,results/logs/ETTh1_nlinear_multivariate_len96_h48_seed2024_config.yaml
2026-07-01T21:04:07.454470+00:00,ETTh1_dlinear_multivariate_len96_h48_seed2024,ETTh1,dlinear,linear,multivariate,96,48,2024,7,64608,64608,100,31,21,0.0617006865140046,True,1.8237637281417847,2.3650024199523805,23.14743423461914,results/checkpoints/ETTh1_dlinear_multivariate_len96_h48_seed2024_best.pt,results/metrics/ETTh1_dlinear_multivariate_len96_h48_seed2024_metrics.json,results/predictions/ETTh1_dlinear_multivariate_len96_h48_seed2024_predictions.csv,results/logs/ETTh1_dlinear_multivariate_len96_h48_seed2024_config.yaml
2026-07-01T21:04:08.121024+00:00,ETTh1_naive_multivariate_len96_h48_seed3407,ETTh1,naive,baseline,multivariate,96,48,3407,7,0,0,100,0,,,False,1.8349169492721558,2.4346655969683555,23.288991928100586,,results/metrics/ETTh1_naive_multivariate_len96_h48_seed3407_metrics.json,results/predictions/ETTh1_naive_multivariate_len96_h48_seed3407_predictions.csv,results/logs/ETTh1_naive_multivariate_len96_h48_seed3407_config.yaml
2026-07-01T21:04:22.573199+00:00,ETTh1_linear_multivariate_len96_h48_seed3407,ETTh1,linear,linear,multivariate,96,48,3407,7,32304,32304,100,25,15,0.06396137786858969,True,1.8252555131912231,2.3794683284106606,23.166366577148438,results/checkpoints/ETTh1_linear_multivariate_len96_h48_seed3407_best.pt,results/metrics/ETTh1_linear_multivariate_len96_h48_seed3407_metrics.json,results/predictions/ETTh1_linear_multivariate_len96_h48_seed3407_predictions.csv,results/logs/ETTh1_linear_multivariate_len96_h48_seed3407_config.yaml
2026-07-01T21:04:59.152394+00:00,ETTh1_nlinear_multivariate_len96_h48_seed3407,ETTh1,nlinear,linear,multivariate,96,48,3407,7,32304,32304,100,59,49,0.05453629117547645,True,1.7428724765777588,2.3003861973817554,22.120752334594727,results/checkpoints/ETTh1_nlinear_multivariate_len96_h48_seed3407_best.pt,results/metrics/ETTh1_nlinear_multivariate_len96_h48_seed3407_metrics.json,results/predictions/ETTh1_nlinear_multivariate_len96_h48_seed3407_predictions.csv,results/logs/ETTh1_nlinear_multivariate_len96_h48_seed3407_config.yaml
2026-07-01T21:05:13.611478+00:00,ETTh1_dlinear_multivariate_len96_h48_seed3407,ETTh1,dlinear,linear,multivariate,96,48,3407,7,64608,64608,100,21,11,0.06076564302712269,True,1.835536003112793,2.3738678693308226,23.296850204467773,results/checkpoints/ETTh1_dlinear_multivariate_len96_h48_seed3407_best.pt,results/metrics/ETTh1_dlinear_multivariate_len96_h48_seed3407_metrics.json,results/predictions/ETTh1_dlinear_multivariate_len96_h48_seed3407_predictions.csv,results/logs/ETTh1_dlinear_multivariate_len96_h48_seed3407_config.yaml
2026-07-01T21:05:14.826016+00:00,ETTh1_naive_multivariate_len96_h96_seed42,ETTh1,naive,baseline,multivariate,96,96,42,7,0,0,100,0,,,False,2.3309926986694336,3.061985361882757,29.489227294921875,,results/metrics/ETTh1_naive_multivariate_len96_h96_seed42_metrics.json,results/predictions/ETTh1_naive_multivariate_len96_h96_seed42_predictions.csv,results/logs/ETTh1_naive_multivariate_len96_h96_seed42_config.yaml
2026-07-01T21:05:24.009436+00:00,ETTh1_linear_multivariate_len96_h96_seed42,ETTh1,linear,linear,multivariate,96,96,42,7,64608,64608,100,15,5,0.09241148519900537,True,2.281933546066284,2.9637420175381317,28.86858367919922,results/checkpoints/ETTh1_linear_multivariate_len96_h96_seed42_best.pt,results/metrics/ETTh1_linear_multivariate_len96_h96_seed42_metrics.json,results/predictions/ETTh1_linear_multivariate_len96_h96_seed42_predictions.csv,results/logs/ETTh1_linear_multivariate_len96_h96_seed42_config.yaml
2026-07-01T21:05:54.530918+00:00,ETTh1_dlinear_multivariate_len96_h96_seed42,ETTh1,dlinear,linear,multivariate,96,96,42,7,129216,129216,100,23,13,0.09270097154763438,True,2.1524813175201416,2.789131227816548,27.230892181396484,results/checkpoints/ETTh1_dlinear_multivariate_len96_h96_seed42_best.pt,results/metrics/ETTh1_dlinear_multivariate_len96_h96_seed42_metrics.json,results/predictions/ETTh1_dlinear_multivariate_len96_h96_seed42_predictions.csv,results/logs/ETTh1_dlinear_multivariate_len96_h96_seed42_config.yaml
2026-07-01T21:05:56.109190+00:00,ETTh1_naive_multivariate_len96_h96_seed2024,ETTh1,naive,baseline,multivariate,96,96,2024,7,0,0,100,0,,,False,2.3309926986694336,3.061985361882757,29.489227294921875,,results/metrics/ETTh1_naive_multivariate_len96_h96_seed2024_metrics.json,results/predictions/ETTh1_naive_multivariate_len96_h96_seed2024_predictions.csv,results/logs/ETTh1_naive_multivariate_len96_h96_seed2024_config.yaml
2026-07-01T21:06:09.450105+00:00,ETTh1_linear_multivariate_len96_h96_seed2024,ETTh1,linear,linear,multivariate,96,96,2024,7,64608,64608,100,27,17,0.09299790870758795,True,2.1838743686676025,2.8270325632017967,27.62804412841797,results/checkpoints/ETTh1_linear_multivariate_len96_h96_seed2024_best.pt,results/metrics/ETTh1_linear_multivariate_len96_h96_seed2024_metrics.json,results/predictions/ETTh1_linear_multivariate_len96_h96_seed2024_predictions.csv,results/logs/ETTh1_linear_multivariate_len96_h96_seed2024_config.yaml
2026-07-01T21:06:31.519289+00:00,ETTh1_nlinear_multivariate_len96_h96_seed2024,ETTh1,nlinear,linear,multivariate,96,96,2024,7,64608,64608,100,40,30,0.07755268368028825,True,2.140491485595703,2.79252234672819,27.07921028137207,results/checkpoints/ETTh1_nlinear_multivariate_len96_h96_seed2024_best.pt,results/metrics/ETTh1_nlinear_multivariate_len96_h96_seed2024_metrics.json,results/predictions/ETTh1_nlinear_multivariate_len96_h96_seed2024_predictions.csv,results/logs/ETTh1_nlinear_multivariate_len96_h96_seed2024_config.yaml
2026-07-01T21:06:41.687653+00:00,ETTh1_dlinear_multivariate_len96_h96_seed2024,ETTh1,dlinear,linear,multivariate,96,96,2024,7,129216,129216,100,12,2,0.09380100934736191,True,2.2872979640960693,2.931298059911349,28.93644905090332,results/checkpoints/ETTh1_dlinear_multivariate_len96_h96_seed2024_best.pt,results/metrics/ETTh1_dlinear_multivariate_len96_h96_seed2024_metrics.json,results/predictions/ETTh1_dlinear_multivariate_len96_h96_seed2024_predictions.csv,results/logs/ETTh1_dlinear_multivariate_len96_h96_seed2024_config.yaml
2026-07-01T21:06:42.788578+00:00,ETTh1_naive_multivariate_len96_h96_seed3407,ETTh1,naive,baseline,multivariate,96,96,3407,7,0,0,100,0,,,False,2.3309926986694336,3.061985361882757,29.489227294921875,,results/metrics/ETTh1_naive_multivariate_len96_h96_seed3407_metrics.json,results/predictions/ETTh1_naive_multivariate_len96_h96_seed3407_predictions.csv,results/logs/ETTh1_naive_multivariate_len96_h96_seed3407_config.yaml
2026-07-01T21:06:55.422809+00:00,ETTh1_linear_multivariate_len96_h96_seed3407,ETTh1,linear,linear,multivariate,96,96,3407,7,64608,64608,100,24,14,0.08989776966071898,True,2.177304983139038,2.8094007582114835,27.544937133789062,results/checkpoints/ETTh1_linear_multivariate_len96_h96_seed3407_best.pt,results/metrics/ETTh1_linear_multivariate_len96_h96_seed3407_metrics.json,results/predictions/ETTh1_linear_multivariate_len96_h96_seed3407_predictions.csv,results/logs/ETTh1_linear_multivariate_len96_h96_seed3407_config.yaml
2026-07-01T21:07:24.120000+00:00,ETTh1_nlinear_multivariate_len96_h96_seed3407,ETTh1,nlinear,linear,multivariate,96,96,3407,7,64608,64608,100,56,46,0.07746195243250939,True,2.131676435470581,2.7811213259988383,26.967693328857422,results/checkpoints/ETTh1_nlinear_multivariate_len96_h96_seed3407_best.pt,results/metrics/ETTh1_nlinear_multivariate_len96_h96_seed3407_metrics.json,results/predictions/ETTh1_nlinear_multivariate_len96_h96_seed3407_predictions.csv,results/logs/ETTh1_nlinear_multivariate_len96_h96_seed3407_config.yaml
2026-07-01T21:07:43.158412+00:00,ETTh1_dlinear_multivariate_len96_h96_seed3407,ETTh1,dlinear,linear,multivariate,96,96,3407,7,129216,129216,100,21,11,0.09120435545521398,True,2.192366123199463,2.8359795349200514,27.735475540161133,results/checkpoints/ETTh1_dlinear_multivariate_len96_h96_seed3407_best.pt,results/metrics/ETTh1_dlinear_multivariate_len96_h96_seed3407_metrics.json,results/predictions/ETTh1_dlinear_multivariate_len96_h96_seed3407_predictions.csv,results/logs/ETTh1_dlinear_multivariate_len96_h96_seed3407_config.yaml
2026-07-01T21:07:49.940630+00:00,ETTh2_naive_univariate_len96_h24_seed42,ETTh2,naive,baseline,univariate,96,24,42,1,0,0,100,0,,,False,4.896778583526611,6.461150049405872,18.420595169067383,,results/metrics/ETTh2_naive_univariate_len96_h24_seed42_metrics.json,results/predictions/ETTh2_naive_univariate_len96_h24_seed42_predictions.csv,results/logs/ETTh2_naive_univariate_len96_h24_seed42_config.yaml
2026-07-01T21:08:00.458013+00:00,ETTh2_linear_univariate_len96_h24_seed42,ETTh2,linear,linear,univariate,96,24,42,1,2328,2328,100,22,12,0.06892656982312514,True,2.9981002807617188,4.12850710582549,11.278188705444336,results/checkpoints/ETTh2_linear_univariate_len96_h24_seed42_best.pt,results/metrics/ETTh2_linear_univariate_len96_h24_seed42_metrics.json,results/predictions/ETTh2_linear_univariate_len96_h24_seed42_predictions.csv,results/logs/ETTh2_linear_univariate_len96_h24_seed42_config.yaml
2026-07-01T21:08:14.486421+00:00,ETTh2_nlinear_univariate_len96_h24_seed42,ETTh2,nlinear,linear,univariate,96,24,42,1,2328,2328,100,33,23,0.06545635547980427,True,2.881617784500122,4.010611763044036,10.840006828308105,results/checkpoints/ETTh2_nlinear_univariate_len96_h24_seed42_best.pt,results/metrics/ETTh2_nlinear_univariate_len96_h24_seed42_metrics.json,results/predictions/ETTh2_nlinear_univariate_len96_h24_seed42_predictions.csv,results/logs/ETTh2_nlinear_univariate_len96_h24_seed42_config.yaml
2026-07-01T21:08:26.750139+00:00,ETTh2_dlinear_univariate_len96_h24_seed42,ETTh2,dlinear,linear,univariate,96,24,42,1,4656,4656,100,20,10,0.06652552147571608,True,2.877349853515625,4.017833295478894,10.823951721191406,results/checkpoints/ETTh2_dlinear_univariate_len96_h24_seed42_best.pt,results/metrics/ETTh2_dlinear_univariate_len96_h24_seed42_metrics.json,results/predictions/ETTh2_dlinear_univariate_len96_h24_seed42_predictions.csv,results/logs/ETTh2_dlinear_univariate_len96_h24_seed42_config.yaml
2026-07-01T21:08:27.216905+00:00,ETTh2_naive_univariate_len96_h24_seed2024,ETTh2,naive,baseline,univariate,96,24,2024,1,0,0,100,0,,,False,4.896778583526611,6.461150049405872,18.420595169067383,,results/metrics/ETTh2_naive_univariate_len96_h24_seed2024_metrics.json,results/predictions/ETTh2_naive_univariate_len96_h24_seed2024_predictions.csv,results/logs/ETTh2_naive_univariate_len96_h24_seed2024_config.yaml
2026-07-01T21:08:38.150097+00:00,ETTh2_linear_univariate_len96_h24_seed2024,ETTh2,linear,linear,univariate,96,24,2024,1,2328,2328,100,23,13,0.06869792082012802,True,2.952510118484497,4.105120759365626,11.106688499450684,results/checkpoints/ETTh2_linear_univariate_len96_h24_seed2024_best.pt,results/metrics/ETTh2_linear_univariate_len96_h24_seed2024_metrics.json,results/predictions/ETTh2_linear_univariate_len96_h24_seed2024_predictions.csv,results/logs/ETTh2_linear_univariate_len96_h24_seed2024_config.yaml
2026-07-01T21:08:57.184212+00:00,ETTh2_nlinear_univariate_len96_h24_seed2024,ETTh2,nlinear,linear,univariate,96,24,2024,1,2328,2328,100,42,32,0.06538903147312922,True,2.8687803745269775,4.008127300547908,10.791715621948242,results/checkpoints/ETTh2_nlinear_univariate_len96_h24_seed2024_best.pt,results/metrics/ETTh2_nlinear_univariate_len96_h24_seed2024_metrics.json,results/predictions/ETTh2_nlinear_univariate_len96_h24_seed2024_predictions.csv,results/logs/ETTh2_nlinear_univariate_len96_h24_seed2024_config.yaml
2026-07-01T21:09:16.752030+00:00,ETTh2_dlinear_univariate_len96_h24_seed2024,ETTh2,dlinear,linear,univariate,96,24,2024,1,4656,4656,100,30,20,0.06602550943815018,True,2.866485595703125,4.003765717808137,10.783082962036133,results/checkpoints/ETTh2_dlinear_univariate_len96_h24_seed2024_best.pt,results/metrics/ETTh2_dlinear_univariate_len96_h24_seed2024_metrics.json,results/predictions/ETTh2_dlinear_univariate_len96_h24_seed2024_predictions.csv,results/logs/ETTh2_dlinear_univariate_len96_h24_seed2024_config.yaml
2026-07-01T21:09:17.253109+00:00,ETTh2_naive_univariate_len96_h24_seed3407,ETTh2,naive,baseline,univariate,96,24,3407,1,0,0,100,0,,,False,4.896778583526611,6.461150049405872,18.420595169067383,,results/metrics/ETTh2_naive_univariate_len96_h24_seed3407_metrics.json,results/predictions/ETTh2_naive_univariate_len96_h24_seed3407_predictions.csv,results/logs/ETTh2_naive_univariate_len96_h24_seed3407_config.yaml
2026-07-01T21:09:34.093286+00:00,ETTh2_linear_univariate_len96_h24_seed3407,ETTh2,linear,linear,univariate,96,24,3407,1,2328,2328,100,32,22,0.06763337953096547,True,2.93149733543396,4.066550714893013,11.027643203735352,results/checkpoints/ETTh2_linear_univariate_len96_h24_seed3407_best.pt,results/metrics/ETTh2_linear_univariate_len96_h24_seed3407_metrics.json,results/predictions/ETTh2_linear_univariate_len96_h24_seed3407_predictions.csv,results/logs/ETTh2_linear_univariate_len96_h24_seed3407_config.yaml
2026-07-01T21:09:50.584174+00:00,ETTh2_nlinear_univariate_len96_h24_seed3407,ETTh2,nlinear,linear,univariate,96,24,3407,1,2328,2328,100,32,22,0.0656090562040062,True,2.8665404319763184,4.003079659341443,10.783288955688477,results/checkpoints/ETTh2_nlinear_univariate_len96_h24_seed3407_best.pt,results/metrics/ETTh2_nlinear_univariate_len96_h24_seed3407_metrics.json,results/predictions/ETTh2_nlinear_univariate_len96_h24_seed3407_predictions.csv,results/logs/ETTh2_nlinear_univariate_len96_h24_seed3407_config.yaml
2026-07-01T21:10:02.942864+00:00,ETTh2_dlinear_univariate_len96_h24_seed3407,ETTh2,dlinear,linear,univariate,96,24,3407,1,4656,4656,100,17,7,0.06749719870994476,True,2.8971424102783203,4.03669264902898,10.898407936096191,results/checkpoints/ETTh2_dlinear_univariate_len96_h24_seed3407_best.pt,results/metrics/ETTh2_dlinear_univariate_len96_h24_seed3407_metrics.json,results/predictions/ETTh2_dlinear_univariate_len96_h24_seed3407_predictions.csv,results/logs/ETTh2_dlinear_univariate_len96_h24_seed3407_config.yaml
2026-07-01T21:10:03.648988+00:00,ETTh2_naive_univariate_len96_h48_seed42,ETTh2,naive,baseline,univariate,96,48,42,1,0,0,100,0,,,False,5.427020072937012,7.05976855366024,20.40900230407715,,results/metrics/ETTh2_naive_univariate_len96_h48_seed42_metrics.json,results/predictions/ETTh2_naive_univariate_len96_h48_seed42_predictions.csv,results/logs/ETTh2_naive_univariate_len96_h48_seed42_config.yaml
2026-07-01T21:10:18.239942+00:00,ETTh2_linear_univariate_len96_h48_seed42,ETTh2,linear,linear,univariate,96,48,42,1,4656,4656,100,29,19,0.09765130367237278,True,3.746196985244751,5.0379442497097555,14.088050842285156,results/checkpoints/ETTh2_linear_univariate_len96_h48_seed42_best.pt,results/metrics/ETTh2_linear_univariate_len96_h48_seed42_metrics.json,results/predictions/ETTh2_linear_univariate_len96_h48_seed42_predictions.csv,results/logs/ETTh2_linear_univariate_len96_h48_seed42_config.yaml
2026-07-01T21:10:39.006115+00:00,ETTh2_nlinear_univariate_len96_h48_seed42,ETTh2,nlinear,linear,univariate,96,48,42,1,4656,4656,100,46,36,0.0951573331473169,True,3.6678125858306885,4.94646923644578,13.793275833129883,results/checkpoints/ETTh2_nlinear_univariate_len96_h48_seed42_best.pt,results/metrics/ETTh2_nlinear_univariate_len96_h48_seed42_metrics.json,results/predictions/ETTh2_nlinear_univariate_len96_h48_seed42_predictions.csv,results/logs/ETTh2_nlinear_univariate_len96_h48_seed42_config.yaml
2026-07-01T21:10:53.684817+00:00,ETTh2_dlinear_univariate_len96_h48_seed42,ETTh2,dlinear,linear,univariate,96,48,42,1,9312,9312,100,23,13,0.09680816106899211,True,3.6857857704162598,4.94920140769949,13.860867500305176,results/checkpoints/ETTh2_dlinear_univariate_len96_h48_seed42_best.pt,results/metrics/ETTh2_dlinear_univariate_len96_h48_seed42_metrics.json,results/predictions/ETTh2_dlinear_univariate_len96_h48_seed42_predictions.csv,results/logs/ETTh2_dlinear_univariate_len96_h48_seed42_config.yaml
2026-07-01T21:10:54.371115+00:00,ETTh2_naive_univariate_len96_h48_seed2024,ETTh2,naive,baseline,univariate,96,48,2024,1,0,0,100,0,,,False,5.427020072937012,7.05976855366024,20.40900230407715,,results/metrics/ETTh2_naive_univariate_len96_h48_seed2024_metrics.json,results/predictions/ETTh2_naive_univariate_len96_h48_seed2024_predictions.csv,results/logs/ETTh2_naive_univariate_len96_h48_seed2024_config.yaml
2026-07-01T21:11:18.284611+00:00,ETTh2_linear_univariate_len96_h48_seed2024,ETTh2,linear,linear,univariate,96,48,2024,1,4656,4656,100,42,32,0.09640131898233678,True,3.7053964138031006,4.983945630752102,13.934617042541504,results/checkpoints/ETTh2_linear_univariate_len96_h48_seed2024_best.pt,results/metrics/ETTh2_linear_univariate_len96_h48_seed2024_metrics.json,results/predictions/ETTh2_linear_univariate_len96_h48_seed2024_predictions.csv,results/logs/ETTh2_linear_univariate_len96_h48_seed2024_config.yaml
2026-07-01T21:11:30.289235+00:00,ETTh2_nlinear_univariate_len96_h48_seed2024,ETTh2,nlinear,linear,univariate,96,48,2024,1,4656,4656,100,21,11,0.09541625950079835,True,3.6783270835876465,4.95697776579204,13.832818031311035,results/checkpoints/ETTh2_nlinear_univariate_len96_h48_seed2024_best.pt,results/metrics/ETTh2_nlinear_univariate_len96_h48_seed2024_metrics.json,results/predictions/ETTh2_nlinear_univariate_len96_h48_seed2024_predictions.csv,results/logs/ETTh2_nlinear_univariate_len96_h48_seed2024_config.yaml
2026-07-01T21:11:45.790533+00:00,ETTh2_dlinear_univariate_len96_h48_seed2024,ETTh2,dlinear,linear,univariate,96,48,2024,1,9312,9312,100,22,12,0.09637356698699528,True,3.6768391132354736,4.949905263591443,13.82722282409668,results/checkpoints/ETTh2_dlinear_univariate_len96_h48_seed2024_best.pt,results/metrics/ETTh2_dlinear_univariate_len96_h48_seed2024_metrics.json,results/predictions/ETTh2_dlinear_univariate_len96_h48_seed2024_predictions.csv,results/logs/ETTh2_dlinear_univariate_len96_h48_seed2024_config.yaml
2026-07-01T21:11:46.492096+00:00,ETTh2_naive_univariate_len96_h48_seed3407,ETTh2,naive,baseline,univariate,96,48,3407,1,0,0,100,0,,,False,5.427020072937012,7.05976855366024,20.40900230407715,,results/metrics/ETTh2_naive_univariate_len96_h48_seed3407_metrics.json,results/predictions/ETTh2_naive_univariate_len96_h48_seed3407_predictions.csv,results/logs/ETTh2_naive_univariate_len96_h48_seed3407_config.yaml
2026-07-01T21:11:59.496120+00:00,ETTh2_linear_univariate_len96_h48_seed3407,ETTh2,linear,linear,univariate,96,48,3407,1,4656,4656,100,29,19,0.09718518797424767,True,3.7235095500946045,5.008382065589345,14.00273323059082,results/checkpoints/ETTh2_linear_univariate_len96_h48_seed3407_best.pt,results/metrics/ETTh2_linear_univariate_len96_h48_seed3407_metrics.json,results/predictions/ETTh2_linear_univariate_len96_h48_seed3407_predictions.csv,results/logs/ETTh2_linear_univariate_len96_h48_seed3407_config.yaml
2026-07-01T21:12:09.762247+00:00,ETTh2_nlinear_univariate_len96_h48_seed3407,ETTh2,nlinear,linear,univariate,96,48,3407,1,4656,4656,100,18,8,0.09546102292472042,True,3.655254602432251,4.941135082418812,13.746051788330078,results/checkpoints/ETTh2_nlinear_univariate_len96_h48_seed3407_best.pt,results/metrics/ETTh2_nlinear_univariate_len96_h48_seed3407_metrics.json,results/predictions/ETTh2_nlinear_univariate_len96_h48_seed3407_predictions.csv,results/logs/ETTh2_nlinear_univariate_len96_h48_seed3407_config.yaml
2026-07-01T21:12:22.696369+00:00,ETTh2_dlinear_univariate_len96_h48_seed3407,ETTh2,dlinear,linear,univariate,96,48,3407,1,9312,9312,100,18,8,0.09757382406833325,True,3.714258909225464,5.00654802709242,13.967945098876953,results/checkpoints/ETTh2_dlinear_univariate_len96_h48_seed3407_best.pt,results/metrics/ETTh2_dlinear_univariate_len96_h48_seed3407_metrics.json,results/predictions/ETTh2_dlinear_univariate_len96_h48_seed3407_predictions.csv,results/logs/ETTh2_dlinear_univariate_len96_h48_seed3407_config.yaml
2026-07-01T21:12:23.877209+00:00,ETTh2_naive_univariate_len96_h96_seed42,ETTh2,naive,baseline,univariate,96,96,42,1,0,0,100,0,,,False,6.188783168792725,8.003506368884661,23.229164123535156,,results/metrics/ETTh2_naive_univariate_len96_h96_seed42_metrics.json,results/predictions/ETTh2_naive_univariate_len96_h96_seed42_predictions.csv,results/logs/ETTh2_naive_univariate_len96_h96_seed42_config.yaml
2026-07-01T21:12:32.984110+00:00,ETTh2_linear_univariate_len96_h96_seed42,ETTh2,linear,linear,univariate,96,96,42,1,9312,9312,100,17,7,0.14640909423751217,True,4.541893005371094,5.939471108366396,17.04767608642578,results/checkpoints/ETTh2_linear_univariate_len96_h96_seed42_best.pt,results/metrics/ETTh2_linear_univariate_len96_h96_seed42_metrics.json,results/predictions/ETTh2_linear_univariate_len96_h96_seed42_predictions.csv,results/logs/ETTh2_linear_univariate_len96_h96_seed42_config.yaml
2026-07-01T21:12:48.127058+00:00,ETTh2_nlinear_univariate_len96_h96_seed42,ETTh2,nlinear,linear,univariate,96,96,42,1,9312,9312,100,31,21,0.13538103419926859,True,4.521613597869873,5.963447812159473,16.971559524536133,results/checkpoints/ETTh2_nlinear_univariate_len96_h96_seed42_best.pt,results/metrics/ETTh2_nlinear_univariate_len96_h96_seed42_metrics.json,results/predictions/ETTh2_nlinear_univariate_len96_h96_seed42_predictions.csv,results/logs/ETTh2_nlinear_univariate_len96_h96_seed42_config.yaml
2026-07-01T21:12:58.364594+00:00,ETTh2_dlinear_univariate_len96_h96_seed42,ETTh2,dlinear,linear,univariate,96,96,42,1,18624,18624,100,16,6,0.14154051399038683,True,4.5369672775268555,5.964719360093795,17.029190063476562,results/checkpoints/ETTh2_dlinear_univariate_len96_h96_seed42_best.pt,results/metrics/ETTh2_dlinear_univariate_len96_h96_seed42_metrics.json,results/predictions/ETTh2_dlinear_univariate_len96_h96_seed42_predictions.csv,results/logs/ETTh2_dlinear_univariate_len96_h96_seed42_config.yaml
2026-07-01T21:12:59.441765+00:00,ETTh2_naive_univariate_len96_h96_seed2024,ETTh2,naive,baseline,univariate,96,96,2024,1,0,0,100,0,,,False,6.188783168792725,8.003506368884661,23.229164123535156,,results/metrics/ETTh2_naive_univariate_len96_h96_seed2024_metrics.json,results/predictions/ETTh2_naive_univariate_len96_h96_seed2024_predictions.csv,results/logs/ETTh2_naive_univariate_len96_h96_seed2024_config.yaml
2026-07-01T21:13:05.710062+00:00,ETTh2_linear_univariate_len96_h96_seed2024,ETTh2,linear,linear,univariate,96,96,2024,1,9312,9312,100,13,3,0.1450476487701939,True,4.641924858093262,6.049197990286282,17.423139572143555,results/checkpoints/ETTh2_linear_univariate_len96_h96_seed2024_best.pt,results/metrics/ETTh2_linear_univariate_len96_h96_seed2024_metrics.json,results/predictions/ETTh2_linear_univariate_len96_h96_seed2024_predictions.csv,results/logs/ETTh2_linear_univariate_len96_h96_seed2024_config.yaml
2026-07-01T21:13:14.269640+00:00,ETTh2_nlinear_univariate_len96_h96_seed2024,ETTh2,nlinear,linear,univariate,96,96,2024,1,9312,9312,100,18,8,0.1362526045979992,True,4.536177158355713,5.97209193755385,17.02622413635254,results/checkpoints/ETTh2_nlinear_univariate_len96_h96_seed2024_best.pt,results/metrics/ETTh2_nlinear_univariate_len96_h96_seed2024_metrics.json,results/predictions/ETTh2_nlinear_univariate_len96_h96_seed2024_predictions.csv,results/logs/ETTh2_nlinear_univariate_len96_h96_seed2024_config.yaml
2026-07-01T21:13:26.927944+00:00,ETTh2_dlinear_univariate_len96_h96_seed2024,ETTh2,dlinear,linear,univariate,96,96,2024,1,18624,18624,100,20,10,0.138935916385343,True,4.545831680297852,5.966811259700337,17.062461853027344,results/checkpoints/ETTh2_dlinear_univariate_len96_h96_seed2024_best.pt,results/metrics/ETTh2_dlinear_univariate_len96_h96_seed2024_metrics.json,results/predictions/ETTh2_dlinear_univariate_len96_h96_seed2024_predictions.csv,results/logs/ETTh2_dlinear_univariate_len96_h96_seed2024_config.yaml
2026-07-01T21:13:28.006246+00:00,ETTh2_naive_univariate_len96_h96_seed3407,ETTh2,naive,baseline,univariate,96,96,3407,1,0,0,100,0,,,False,6.188783168792725,8.003506368884661,23.229164123535156,,results/metrics/ETTh2_naive_univariate_len96_h96_seed3407_metrics.json,results/predictions/ETTh2_naive_univariate_len96_h96_seed3407_predictions.csv,results/logs/ETTh2_naive_univariate_len96_h96_seed3407_config.yaml
2026-07-01T21:13:35.932502+00:00,ETTh2_linear_univariate_len96_h96_seed3407,ETTh2,linear,linear,univariate,96,96,3407,1,9312,9312,100,17,7,0.14056066242917892,True,4.68956995010376,6.116459400015749,17.601972579956055,results/checkpoints/ETTh2_linear_univariate_len96_h96_seed3407_best.pt,results/metrics/ETTh2_linear_univariate_len96_h96_seed3407_metrics.json,results/predictions/ETTh2_linear_univariate_len96_h96_seed3407_predictions.csv,results/logs/ETTh2_linear_univariate_len96_h96_seed3407_config.yaml
2026-07-01T21:13:55.286286+00:00,ETTh2_nlinear_univariate_len96_h96_seed3407,ETTh2,nlinear,linear,univariate,96,96,3407,1,9312,9312,100,42,32,0.13567893719480884,True,4.5173659324646,5.956010094341386,16.955617904663086,results/checkpoints/ETTh2_nlinear_univariate_len96_h96_seed3407_best.pt,results/metrics/ETTh2_nlinear_univariate_len96_h96_seed3407_metrics.json,results/predictions/ETTh2_nlinear_univariate_len96_h96_seed3407_predictions.csv,results/logs/ETTh2_nlinear_univariate_len96_h96_seed3407_config.yaml
2026-07-01T21:14:15.033570+00:00,ETTh2_dlinear_univariate_len96_h96_seed3407,ETTh2,dlinear,linear,univariate,96,96,3407,1,18624,18624,100,29,19,0.13586210023972295,True,4.577080726623535,6.020763075615525,17.179752349853516,results/checkpoints/ETTh2_dlinear_univariate_len96_h96_seed3407_best.pt,results/metrics/ETTh2_dlinear_univariate_len96_h96_seed3407_metrics.json,results/predictions/ETTh2_dlinear_univariate_len96_h96_seed3407_predictions.csv,results/logs/ETTh2_dlinear_univariate_len96_h96_seed3407_config.yaml
2026-07-01T21:14:15.580440+00:00,ETTh2_naive_multivariate_len96_h24_seed42,ETTh2,naive,baseline,multivariate,96,24,42,7,0,0,100,0,,,False,4.896778583526611,6.461150049405872,18.420595169067383,,results/metrics/ETTh2_naive_multivariate_len96_h24_seed42_metrics.json,results/predictions/ETTh2_naive_multivariate_len96_h24_seed42_predictions.csv,results/logs/ETTh2_naive_multivariate_len96_h24_seed42_config.yaml
2026-07-01T21:14:32.253327+00:00,ETTh2_linear_multivariate_len96_h24_seed42,ETTh2,linear,linear,multivariate,96,24,42,7,16152,16152,100,35,25,0.07265935209838148,True,2.861802816390991,3.9692864243239936,10.765467643737793,results/checkpoints/ETTh2_linear_multivariate_len96_h24_seed42_best.pt,results/metrics/ETTh2_linear_multivariate_len96_h24_seed42_metrics.json,results/predictions/ETTh2_linear_multivariate_len96_h24_seed42_predictions.csv,results/logs/ETTh2_linear_multivariate_len96_h24_seed42_config.yaml
2026-07-01T21:14:39.934831+00:00,ETTh2_nlinear_multivariate_len96_h24_seed42,ETTh2,nlinear,linear,multivariate,96,24,42,7,16152,16152,100,16,6,0.07346975456110205,True,2.9183664321899414,4.0371148082178,10.97824764251709,results/checkpoints/ETTh2_nlinear_multivariate_len96_h24_seed42_best.pt,results/metrics/ETTh2_nlinear_multivariate_len96_h24_seed42_metrics.json,results/predictions/ETTh2_nlinear_multivariate_len96_h24_seed42_predictions.csv,results/logs/ETTh2_nlinear_multivariate_len96_h24_seed42_config.yaml
2026-07-01T21:15:02.266790+00:00,ETTh2_dlinear_multivariate_len96_h24_seed42,ETTh2,dlinear,linear,multivariate,96,24,42,7,32304,32304,100,41,31,0.07145172232617285,True,2.825991630554199,3.9103853842626037,10.630753517150879,results/checkpoints/ETTh2_dlinear_multivariate_len96_h24_seed42_best.pt,results/metrics/ETTh2_dlinear_multivariate_len96_h24_seed42_metrics.json,results/predictions/ETTh2_dlinear_multivariate_len96_h24_seed42_predictions.csv,results/logs/ETTh2_dlinear_multivariate_len96_h24_seed42_config.yaml
2026-07-01T21:15:02.714116+00:00,ETTh2_naive_multivariate_len96_h24_seed2024,ETTh2,naive,baseline,multivariate,96,24,2024,7,0,0,100,0,,,False,4.896778583526611,6.461150049405872,18.420595169067383,,results/metrics/ETTh2_naive_multivariate_len96_h24_seed2024_metrics.json,results/predictions/ETTh2_naive_multivariate_len96_h24_seed2024_predictions.csv,results/logs/ETTh2_naive_multivariate_len96_h24_seed2024_config.yaml
2026-07-01T21:15:10.318941+00:00,ETTh2_linear_multivariate_len96_h24_seed2024,ETTh2,linear,linear,multivariate,96,24,2024,7,16152,16152,100,15,5,0.07682283338430336,True,3.0367414951324463,4.1198439307420225,11.423548698425293,results/checkpoints/ETTh2_linear_multivariate_len96_h24_seed2024_best.pt,results/metrics/ETTh2_linear_multivariate_len96_h24_seed2024_metrics.json,results/predictions/ETTh2_linear_multivariate_len96_h24_seed2024_predictions.csv,results/logs/ETTh2_linear_multivariate_len96_h24_seed2024_config.yaml
2026-07-01T21:15:32.825726+00:00,ETTh2_nlinear_multivariate_len96_h24_seed2024,ETTh2,nlinear,linear,multivariate,96,24,2024,7,16152,16152,100,42,32,0.07120169438283923,True,2.805673837661743,3.926373216018789,10.554323196411133,results/checkpoints/ETTh2_nlinear_multivariate_len96_h24_seed2024_best.pt,results/metrics/ETTh2_nlinear_multivariate_len96_h24_seed2024_metrics.json,results/predictions/ETTh2_nlinear_multivariate_len96_h24_seed2024_predictions.csv,results/logs/ETTh2_nlinear_multivariate_len96_h24_seed2024_config.yaml
2026-07-01T21:15:48.674286+00:00,ETTh2_dlinear_multivariate_len96_h24_seed2024,ETTh2,dlinear,linear,multivariate,96,24,2024,7,32304,32304,100,28,18,0.07372320286295711,True,2.8313331604003906,3.965501912929529,10.650847434997559,results/checkpoints/ETTh2_dlinear_multivariate_len96_h24_seed2024_best.pt,results/metrics/ETTh2_dlinear_multivariate_len96_h24_seed2024_metrics.json,results/predictions/ETTh2_dlinear_multivariate_len96_h24_seed2024_predictions.csv,results/logs/ETTh2_dlinear_multivariate_len96_h24_seed2024_config.yaml
2026-07-01T21:15:49.152224+00:00,ETTh2_naive_multivariate_len96_h24_seed3407,ETTh2,naive,baseline,multivariate,96,24,3407,7,0,0,100,0,,,False,4.896778583526611,6.461150049405872,18.420595169067383,,results/metrics/ETTh2_naive_multivariate_len96_h24_seed3407_metrics.json,results/predictions/ETTh2_naive_multivariate_len96_h24_seed3407_predictions.csv,results/logs/ETTh2_naive_multivariate_len96_h24_seed3407_config.yaml
2026-07-01T21:16:09.669795+00:00,ETTh2_linear_multivariate_len96_h24_seed3407,ETTh2,linear,linear,multivariate,96,24,3407,7,16152,16152,100,38,28,0.07313965973886404,True,2.889960289001465,3.984975971451019,10.871389389038086,results/checkpoints/ETTh2_linear_multivariate_len96_h24_seed3407_best.pt,results/metrics/ETTh2_linear_multivariate_len96_h24_seed3407_metrics.json,results/predictions/ETTh2_linear_multivariate_len96_h24_seed3407_predictions.csv,results/logs/ETTh2_linear_multivariate_len96_h24_seed3407_config.yaml
2026-07-01T21:16:30.474572+00:00,ETTh2_nlinear_multivariate_len96_h24_seed3407,ETTh2,nlinear,linear,multivariate,96,24,3407,7,16152,16152,100,44,34,0.07122681360650444,True,2.80414080619812,3.9313092686683873,10.548556327819824,results/checkpoints/ETTh2_nlinear_multivariate_len96_h24_seed3407_best.pt,results/metrics/ETTh2_nlinear_multivariate_len96_h24_seed3407_metrics.json,results/predictions/ETTh2_nlinear_multivariate_len96_h24_seed3407_predictions.csv,results/logs/ETTh2_nlinear_multivariate_len96_h24_seed3407_config.yaml
2026-07-01T21:16:44.055583+00:00,ETTh2_dlinear_multivariate_len96_h24_seed3407,ETTh2,dlinear,linear,multivariate,96,24,3407,7,32304,32304,100,26,16,0.07221358378777228,True,2.9349398612976074,4.045998025377954,11.040593147277832,results/checkpoints/ETTh2_dlinear_multivariate_len96_h24_seed3407_best.pt,results/metrics/ETTh2_dlinear_multivariate_len96_h24_seed3407_metrics.json,results/predictions/ETTh2_dlinear_multivariate_len96_h24_seed3407_predictions.csv,results/logs/ETTh2_dlinear_multivariate_len96_h24_seed3407_config.yaml
2026-07-01T21:16:44.706854+00:00,ETTh2_naive_multivariate_len96_h48_seed42,ETTh2,naive,baseline,multivariate,96,48,42,7,0,0,100,0,,,False,5.427020072937012,7.05976855366024,20.40900230407715,,results/metrics/ETTh2_naive_multivariate_len96_h48_seed42_metrics.json,results/predictions/ETTh2_naive_multivariate_len96_h48_seed42_predictions.csv,results/logs/ETTh2_naive_multivariate_len96_h48_seed42_config.yaml
2026-07-01T21:17:11.986115+00:00,ETTh2_linear_multivariate_len96_h48_seed42,ETTh2,linear,linear,multivariate,96,48,42,7,32304,32304,100,48,38,0.10232325795296585,True,3.586449146270752,4.852194826257289,13.487298965454102,results/checkpoints/ETTh2_linear_multivariate_len96_h48_seed42_best.pt,results/metrics/ETTh2_linear_multivariate_len96_h48_seed42_metrics.json,results/predictions/ETTh2_linear_multivariate_len96_h48_seed42_predictions.csv,results/logs/ETTh2_linear_multivariate_len96_h48_seed42_config.yaml
2026-07-01T21:17:35.214245+00:00,ETTh2_nlinear_multivariate_len96_h48_seed42,ETTh2,nlinear,linear,multivariate,96,48,42,7,32304,32304,100,41,31,0.10331701992711376,True,3.647029399871826,4.92590167316616,13.715119361877441,results/checkpoints/ETTh2_nlinear_multivariate_len96_h48_seed42_best.pt,results/metrics/ETTh2_nlinear_multivariate_len96_h48_seed42_metrics.json,results/predictions/ETTh2_nlinear_multivariate_len96_h48_seed42_predictions.csv,results/logs/ETTh2_nlinear_multivariate_len96_h48_seed42_config.yaml
2026-07-01T21:17:54.417479+00:00,ETTh2_dlinear_multivariate_len96_h48_seed42,ETTh2,dlinear,linear,multivariate,96,48,42,7,64608,64608,100,26,16,0.10305110041112715,True,3.6195104122161865,4.859595192584565,13.611631393432617,results/checkpoints/ETTh2_dlinear_multivariate_len96_h48_seed42_best.pt,results/metrics/ETTh2_dlinear_multivariate_len96_h48_seed42_metrics.json,results/predictions/ETTh2_dlinear_multivariate_len96_h48_seed42_predictions.csv,results/logs/ETTh2_dlinear_multivariate_len96_h48_seed42_config.yaml
2026-07-01T21:17:55.117423+00:00,ETTh2_naive_multivariate_len96_h48_seed2024,ETTh2,naive,baseline,multivariate,96,48,2024,7,0,0,100,0,,,False,5.427020072937012,7.05976855366024,20.40900230407715,,results/metrics/ETTh2_naive_multivariate_len96_h48_seed2024_metrics.json,results/predictions/ETTh2_naive_multivariate_len96_h48_seed2024_predictions.csv,results/logs/ETTh2_naive_multivariate_len96_h48_seed2024_config.yaml
2026-07-01T21:18:22.548704+00:00,ETTh2_linear_multivariate_len96_h48_seed2024,ETTh2,linear,linear,multivariate,96,48,2024,7,32304,32304,100,48,38,0.10275625111593473,True,3.647716760635376,4.890287247472583,13.717703819274902,results/checkpoints/ETTh2_linear_multivariate_len96_h48_seed2024_best.pt,results/metrics/ETTh2_linear_multivariate_len96_h48_seed2024_metrics.json,results/predictions/ETTh2_linear_multivariate_len96_h48_seed2024_predictions.csv,results/logs/ETTh2_linear_multivariate_len96_h48_seed2024_config.yaml
2026-07-01T21:18:30.484077+00:00,ETTh2_nlinear_multivariate_len96_h48_seed2024,ETTh2,nlinear,linear,multivariate,96,48,2024,7,32304,32304,100,14,4,0.10537559550269525,True,3.661360502243042,4.9348173942136295,13.769012451171875,results/checkpoints/ETTh2_nlinear_multivariate_len96_h48_seed2024_best.pt,results/metrics/ETTh2_nlinear_multivariate_len96_h48_seed2024_metrics.json,results/predictions/ETTh2_nlinear_multivariate_len96_h48_seed2024_predictions.csv,results/logs/ETTh2_nlinear_multivariate_len96_h48_seed2024_config.yaml
2026-07-01T21:19:01.079331+00:00,ETTh2_dlinear_multivariate_len96_h48_seed2024,ETTh2,dlinear,linear,multivariate,96,48,2024,7,64608,64608,100,41,31,0.10326256530734713,True,3.6356916427612305,4.860271996629981,13.672483444213867,results/checkpoints/ETTh2_dlinear_multivariate_len96_h48_seed2024_best.pt,results/metrics/ETTh2_dlinear_multivariate_len96_h48_seed2024_metrics.json,results/predictions/ETTh2_dlinear_multivariate_len96_h48_seed2024_predictions.csv,results/logs/ETTh2_dlinear_multivariate_len96_h48_seed2024_config.yaml
2026-07-01T21:19:01.872374+00:00,ETTh2_naive_multivariate_len96_h48_seed3407,ETTh2,naive,baseline,multivariate,96,48,3407,7,0,0,100,0,,,False,5.427020072937012,7.05976855366024,20.40900230407715,,results/metrics/ETTh2_naive_multivariate_len96_h48_seed3407_metrics.json,results/predictions/ETTh2_naive_multivariate_len96_h48_seed3407_predictions.csv,results/logs/ETTh2_naive_multivariate_len96_h48_seed3407_config.yaml
2026-07-01T21:19:18.626559+00:00,ETTh2_linear_multivariate_len96_h48_seed3407,ETTh2,linear,linear,multivariate,96,48,3407,7,32304,32304,100,32,22,0.10228055232532034,True,3.6558074951171875,4.865429801185971,13.748129844665527,results/checkpoints/ETTh2_linear_multivariate_len96_h48_seed3407_best.pt,results/metrics/ETTh2_linear_multivariate_len96_h48_seed3407_metrics.json,results/predictions/ETTh2_linear_multivariate_len96_h48_seed3407_predictions.csv,results/logs/ETTh2_linear_multivariate_len96_h48_seed3407_config.yaml
2026-07-01T21:19:31.368353+00:00,ETTh2_nlinear_multivariate_len96_h48_seed3407,ETTh2,nlinear,linear,multivariate,96,48,3407,7,32304,32304,100,16,6,0.10540050523208737,True,3.6496872901916504,4.918185931463482,13.725115776062012,results/checkpoints/ETTh2_nlinear_multivariate_len96_h48_seed3407_best.pt,results/metrics/ETTh2_nlinear_multivariate_len96_h48_seed3407_metrics.json,results/predictions/ETTh2_nlinear_multivariate_len96_h48_seed3407_predictions.csv,results/logs/ETTh2_nlinear_multivariate_len96_h48_seed3407_config.yaml
2026-07-01T21:20:10.828393+00:00,ETTh2_dlinear_multivariate_len96_h48_seed3407,ETTh2,dlinear,linear,multivariate,96,48,3407,7,64608,64608,100,52,42,0.10128042237537077,True,3.571918487548828,4.838059164845336,13.43265438079834,results/checkpoints/ETTh2_dlinear_multivariate_len96_h48_seed3407_best.pt,results/metrics/ETTh2_dlinear_multivariate_len96_h48_seed3407_metrics.json,results/predictions/ETTh2_dlinear_multivariate_len96_h48_seed3407_predictions.csv,results/logs/ETTh2_dlinear_multivariate_len96_h48_seed3407_config.yaml
2026-07-01T21:20:12.384332+00:00,ETTh2_naive_multivariate_len96_h96_seed42,ETTh2,naive,baseline,multivariate,96,96,42,7,0,0,100,0,,,False,6.188783168792725,8.003506368884661,23.229164123535156,,results/metrics/ETTh2_naive_multivariate_len96_h96_seed42_metrics.json,results/predictions/ETTh2_naive_multivariate_len96_h96_seed42_predictions.csv,results/logs/ETTh2_naive_multivariate_len96_h96_seed42_config.yaml
2026-07-01T21:20:22.295679+00:00,ETTh2_linear_multivariate_len96_h96_seed42,ETTh2,linear,linear,multivariate,96,96,42,7,64608,64608,100,16,6,0.13417304630721769,True,4.745051860809326,6.146435655292296,17.810218811035156,results/checkpoints/ETTh2_linear_multivariate_len96_h96_seed42_best.pt,results/metrics/ETTh2_linear_multivariate_len96_h96_seed42_metrics.json,results/predictions/ETTh2_linear_multivariate_len96_h96_seed42_predictions.csv,results/logs/ETTh2_linear_multivariate_len96_h96_seed42_config.yaml
2026-07-01T21:20:34.465619+00:00,ETTh2_nlinear_multivariate_len96_h96_seed42,ETTh2,nlinear,linear,multivariate,96,96,42,7,64608,64608,100,20,10,0.14650787056453765,True,4.578110694885254,5.974413995456904,17.183618545532227,results/checkpoints/ETTh2_nlinear_multivariate_len96_h96_seed42_best.pt,results/metrics/ETTh2_nlinear_multivariate_len96_h96_seed42_metrics.json,results/predictions/ETTh2_nlinear_multivariate_len96_h96_seed42_predictions.csv,results/logs/ETTh2_nlinear_multivariate_len96_h96_seed42_config.yaml
2026-07-01T21:20:46.006683+00:00,ETTh2_dlinear_multivariate_len96_h96_seed42,ETTh2,dlinear,linear,multivariate,96,96,42,7,129216,129216,100,13,3,0.1383894180145956,True,4.515722274780273,5.9252906953345965,16.949447631835938,results/checkpoints/ETTh2_dlinear_multivariate_len96_h96_seed42_best.pt,results/metrics/ETTh2_dlinear_multivariate_len96_h96_seed42_metrics.json,results/predictions/ETTh2_dlinear_multivariate_len96_h96_seed42_predictions.csv,results/logs/ETTh2_dlinear_multivariate_len96_h96_seed42_config.yaml
2026-07-01T21:20:47.260287+00:00,ETTh2_naive_multivariate_len96_h96_seed2024,ETTh2,naive,baseline,multivariate,96,96,2024,7,0,0,100,0,,,False,6.188783168792725,8.003506368884661,23.229164123535156,,results/metrics/ETTh2_naive_multivariate_len96_h96_seed2024_metrics.json,results/predictions/ETTh2_naive_multivariate_len96_h96_seed2024_predictions.csv,results/logs/ETTh2_naive_multivariate_len96_h96_seed2024_config.yaml
2026-07-01T21:21:08.059618+00:00,ETTh2_linear_multivariate_len96_h96_seed2024,ETTh2,linear,linear,multivariate,96,96,2024,7,64608,64608,100,39,29,0.13799018444553499,True,4.486630439758301,5.860711761577678,16.840253829956055,results/checkpoints/ETTh2_linear_multivariate_len96_h96_seed2024_best.pt,results/metrics/ETTh2_linear_multivariate_len96_h96_seed2024_metrics.json,results/predictions/ETTh2_linear_multivariate_len96_h96_seed2024_predictions.csv,results/logs/ETTh2_linear_multivariate_len96_h96_seed2024_config.yaml
2026-07-01T21:21:21.409984+00:00,ETTh2_nlinear_multivariate_len96_h96_seed2024,ETTh2,nlinear,linear,multivariate,96,96,2024,7,64608,64608,100,22,12,0.14776191239876132,True,4.626652240753174,6.0515222951438465,17.365816116333008,results/checkpoints/ETTh2_nlinear_multivariate_len96_h96_seed2024_best.pt,results/metrics/ETTh2_nlinear_multivariate_len96_h96_seed2024_metrics.json,results/predictions/ETTh2_nlinear_multivariate_len96_h96_seed2024_predictions.csv,results/logs/ETTh2_nlinear_multivariate_len96_h96_seed2024_config.yaml
2026-07-01T21:21:39.455560+00:00,ETTh2_dlinear_multivariate_len96_h96_seed2024,ETTh2,dlinear,linear,multivariate,96,96,2024,7,129216,129216,100,20,10,0.14539335676739293,True,4.54636287689209,5.9364269692410785,17.064455032348633,results/checkpoints/ETTh2_dlinear_multivariate_len96_h96_seed2024_best.pt,results/metrics/ETTh2_dlinear_multivariate_len96_h96_seed2024_metrics.json,results/predictions/ETTh2_dlinear_multivariate_len96_h96_seed2024_predictions.csv,results/logs/ETTh2_dlinear_multivariate_len96_h96_seed2024_config.yaml
2026-07-01T21:21:40.958613+00:00,ETTh2_naive_multivariate_len96_h96_seed3407,ETTh2,naive,baseline,multivariate,96,96,3407,7,0,0,100,0,,,False,6.188783168792725,8.003506368884661,23.229164123535156,,results/metrics/ETTh2_naive_multivariate_len96_h96_seed3407_metrics.json,results/predictions/ETTh2_naive_multivariate_len96_h96_seed3407_predictions.csv,results/logs/ETTh2_naive_multivariate_len96_h96_seed3407_config.yaml
2026-07-01T21:21:52.149710+00:00,ETTh2_linear_multivariate_len96_h96_seed3407,ETTh2,linear,linear,multivariate,96,96,3407,7,64608,64608,100,18,8,0.14761392753451102,True,4.710773944854736,6.090761987780911,17.681560516357422,results/checkpoints/ETTh2_linear_multivariate_len96_h96_seed3407_best.pt,results/metrics/ETTh2_linear_multivariate_len96_h96_seed3407_metrics.json,results/predictions/ETTh2_linear_multivariate_len96_h96_seed3407_predictions.csv,results/logs/ETTh2_linear_multivariate_len96_h96_seed3407_config.yaml
2026-07-01T21:22:12.634273+00:00,ETTh2_nlinear_multivariate_len96_h96_seed3407,ETTh2,nlinear,linear,multivariate,96,96,3407,7,64608,64608,100,33,23,0.14540118913977376,True,4.630078315734863,6.020828651857591,17.378673553466797,results/checkpoints/ETTh2_nlinear_multivariate_len96_h96_seed3407_best.pt,results/metrics/ETTh2_nlinear_multivariate_len96_h96_seed3407_metrics.json,results/predictions/ETTh2_nlinear_multivariate_len96_h96_seed3407_predictions.csv,results/logs/ETTh2_nlinear_multivariate_len96_h96_seed3407_config.yaml
2026-07-01T21:22:35.995918+00:00,ETTh2_dlinear_multivariate_len96_h96_seed3407,ETTh2,dlinear,linear,multivariate,96,96,3407,7,129216,129216,100,21,11,0.1449471067276693,True,4.416914939880371,5.817577810254809,16.578580856323242,results/checkpoints/ETTh2_dlinear_multivariate_len96_h96_seed3407_best.pt,results/metrics/ETTh2_dlinear_multivariate_len96_h96_seed3407_metrics.json,results/predictions/ETTh2_dlinear_multivariate_len96_h96_seed3407_predictions.csv,results/logs/ETTh2_dlinear_multivariate_len96_h96_seed3407_config.yaml
2026-07-01T21:28:10.683763+00:00,ETTh1_nlinear_multivariate_len96_h96_seed42,ETTh1,nlinear,linear,multivariate,96,96,42,7,64608,64608,100,69,59,0.07743908036139703,True,2.130739450454712,2.7830343630304144,26.95583724975586,results/checkpoints/ETTh1_nlinear_multivariate_len96_h96_seed42_best.pt,results/metrics/ETTh1_nlinear_multivariate_len96_h96_seed42_metrics.json,results/predictions/ETTh1_nlinear_multivariate_len96_h96_seed42_predictions.csv,results/logs/ETTh1_nlinear_multivariate_len96_h96_seed42_config.yaml
2026-07-01T21:48:46.176513+00:00,ETTh1_lstm_multivariate_len96_h24_seed2024,ETTh1,lstm,recurrent,multivariate,96,24,2024,7,53528,53528,100,12,2,0.11102495946072767,True,1.5602632761001587,2.0568232006967833,19.828758239746094,results/checkpoints/ETTh1_lstm_multivariate_len96_h24_seed2024_best.pt,results/metrics/ETTh1_lstm_multivariate_len96_h24_seed2024_metrics.json,results/predictions/ETTh1_lstm_multivariate_len96_h24_seed2024_predictions.csv,results/logs/ETTh1_lstm_multivariate_len96_h24_seed2024_config.yaml
2026-07-01T21:49:57.344979+00:00,ETTh1_transformer_multivariate_len96_h24_seed2024,ETTh1,transformer,attention,multivariate,96,24,2024,7,69016,69016,100,11,1,0.06947932520056771,True,1.3925788402557373,1.8555443678053525,17.697725296020508,results/checkpoints/ETTh1_transformer_multivariate_len96_h24_seed2024_best.pt,results/metrics/ETTh1_transformer_multivariate_len96_h24_seed2024_metrics.json,results/predictions/ETTh1_transformer_multivariate_len96_h24_seed2024_predictions.csv,results/logs/ETTh1_transformer_multivariate_len96_h24_seed2024_config.yaml
2026-07-01T21:50:51.500029+00:00,ETTh1_lstm_multivariate_len96_h24_seed3407,ETTh1,lstm,recurrent,multivariate,96,24,3407,7,53528,53528,100,17,7,0.15076077667911308,True,1.7254681587219238,2.2231823343857897,21.928281784057617,results/checkpoints/ETTh1_lstm_multivariate_len96_h24_seed3407_best.pt,results/metrics/ETTh1_lstm_multivariate_len96_h24_seed3407_metrics.json,results/predictions/ETTh1_lstm_multivariate_len96_h24_seed3407_predictions.csv,results/logs/ETTh1_lstm_multivariate_len96_h24_seed3407_config.yaml
2026-07-01T21:51:57.318561+00:00,ETTh1_transformer_multivariate_len96_h24_seed3407,ETTh1,transformer,attention,multivariate,96,24,3407,7,69016,69016,100,11,1,0.10981135327557306,True,1.4881936311721802,2.0176275197396185,18.91285514831543,results/checkpoints/ETTh1_transformer_multivariate_len96_h24_seed3407_best.pt,results/metrics/ETTh1_transformer_multivariate_len96_h24_seed3407_metrics.json,results/predictions/ETTh1_transformer_multivariate_len96_h24_seed3407_predictions.csv,results/logs/ETTh1_transformer_multivariate_len96_h24_seed3407_config.yaml
2026-07-01T21:52:39.193464+00:00,ETTh1_lstm_multivariate_len96_h48_seed42,ETTh1,lstm,recurrent,multivariate,96,48,42,7,55088,55088,100,13,3,0.2413667198713491,True,2.042226552963257,2.6693570949603274,25.920190811157227,results/checkpoints/ETTh1_lstm_multivariate_len96_h48_seed42_best.pt,results/metrics/ETTh1_lstm_multivariate_len96_h48_seed42_metrics.json,results/predictions/ETTh1_lstm_multivariate_len96_h48_seed42_predictions.csv,results/logs/ETTh1_lstm_multivariate_len96_h48_seed42_config.yaml
2026-07-01T21:53:45.981255+00:00,ETTh1_transformer_multivariate_len96_h48_seed42,ETTh1,transformer,attention,multivariate,96,48,42,7,70576,70576,100,11,1,0.15199492258184097,True,1.8417099714279175,2.349369889862925,23.37520980834961,results/checkpoints/ETTh1_transformer_multivariate_len96_h48_seed42_best.pt,results/metrics/ETTh1_transformer_multivariate_len96_h48_seed42_metrics.json,results/predictions/ETTh1_transformer_multivariate_len96_h48_seed42_predictions.csv,results/logs/ETTh1_transformer_multivariate_len96_h48_seed42_config.yaml
2026-07-01T21:54:24.455963+00:00,ETTh1_lstm_multivariate_len96_h48_seed2024,ETTh1,lstm,recurrent,multivariate,96,48,2024,7,55088,55088,100,12,2,0.250792517530754,True,1.9869059324264526,2.59016658099974,25.218053817749023,results/checkpoints/ETTh1_lstm_multivariate_len96_h48_seed2024_best.pt,results/metrics/ETTh1_lstm_multivariate_len96_h48_seed2024_metrics.json,results/predictions/ETTh1_lstm_multivariate_len96_h48_seed2024_predictions.csv,results/logs/ETTh1_lstm_multivariate_len96_h48_seed2024_config.yaml
2026-07-01T21:55:43.459859+00:00,ETTh1_transformer_multivariate_len96_h48_seed2024,ETTh1,transformer,attention,multivariate,96,48,2024,7,70576,70576,100,13,3,0.12061251500371997,True,1.831524133682251,2.2996076041814675,23.245929718017578,results/checkpoints/ETTh1_transformer_multivariate_len96_h48_seed2024_best.pt,results/metrics/ETTh1_transformer_multivariate_len96_h48_seed2024_metrics.json,results/predictions/ETTh1_transformer_multivariate_len96_h48_seed2024_predictions.csv,results/logs/ETTh1_transformer_multivariate_len96_h48_seed2024_config.yaml
2026-07-01T21:56:28.659077+00:00,ETTh1_lstm_multivariate_len96_h48_seed3407,ETTh1,lstm,recurrent,multivariate,96,48,3407,7,55088,55088,100,12,2,0.27431728559381824,True,2.193479061126709,2.8799998717837836,27.83990478515625,results/checkpoints/ETTh1_lstm_multivariate_len96_h48_seed3407_best.pt,results/metrics/ETTh1_lstm_multivariate_len96_h48_seed3407_metrics.json,results/predictions/ETTh1_lstm_multivariate_len96_h48_seed3407_predictions.csv,results/logs/ETTh1_lstm_multivariate_len96_h48_seed3407_config.yaml
2026-07-01T21:57:46.342064+00:00,ETTh1_transformer_multivariate_len96_h48_seed3407,ETTh1,transformer,attention,multivariate,96,48,3407,7,70576,70576,100,13,3,0.15163353327964813,True,1.9959896802902222,2.5375290215998367,25.33334732055664,results/checkpoints/ETTh1_transformer_multivariate_len96_h48_seed3407_best.pt,results/metrics/ETTh1_transformer_multivariate_len96_h48_seed3407_metrics.json,results/predictions/ETTh1_transformer_multivariate_len96_h48_seed3407_predictions.csv,results/logs/ETTh1_transformer_multivariate_len96_h48_seed3407_config.yaml
2026-07-01T21:58:24.832643+00:00,ETTh1_lstm_multivariate_len96_h96_seed42,ETTh1,lstm,recurrent,multivariate,96,96,42,7,58208,58208,100,12,2,0.4680673949949203,True,2.8417317867279053,3.6098435663370916,35.95055389404297,results/checkpoints/ETTh1_lstm_multivariate_len96_h96_seed42_best.pt,results/metrics/ETTh1_lstm_multivariate_len96_h96_seed42_metrics.json,results/predictions/ETTh1_lstm_multivariate_len96_h96_seed42_predictions.csv,results/logs/ETTh1_lstm_multivariate_len96_h96_seed42_config.yaml
2026-07-01T21:59:37.030820+00:00,ETTh1_transformer_multivariate_len96_h96_seed42,ETTh1,transformer,attention,multivariate,96,96,42,7,73696,73696,100,12,2,0.31156988889940324,True,2.236910104751587,2.7873467475947273,28.29899787902832,results/checkpoints/ETTh1_transformer_multivariate_len96_h96_seed42_best.pt,results/metrics/ETTh1_transformer_multivariate_len96_h96_seed42_metrics.json,results/predictions/ETTh1_transformer_multivariate_len96_h96_seed42_predictions.csv,results/logs/ETTh1_transformer_multivariate_len96_h96_seed42_config.yaml
2026-07-01T22:00:21.864189+00:00,ETTh1_lstm_multivariate_len96_h96_seed2024,ETTh1,lstm,recurrent,multivariate,96,96,2024,7,58208,58208,100,14,4,0.4438597772967431,True,2.5507779121398926,3.2952121681361013,32.26971435546875,results/checkpoints/ETTh1_lstm_multivariate_len96_h96_seed2024_best.pt,results/metrics/ETTh1_lstm_multivariate_len96_h96_seed2024_metrics.json,results/predictions/ETTh1_lstm_multivariate_len96_h96_seed2024_predictions.csv,results/logs/ETTh1_lstm_multivariate_len96_h96_seed2024_config.yaml
2026-07-01T22:01:28.012598+00:00,ETTh1_transformer_multivariate_len96_h96_seed2024,ETTh1,transformer,attention,multivariate,96,96,2024,7,73696,73696,100,11,1,0.36021752722801703,True,2.792095184326172,3.5269521029026514,35.32260513305664,results/checkpoints/ETTh1_transformer_multivariate_len96_h96_seed2024_best.pt,results/metrics/ETTh1_transformer_multivariate_len96_h96_seed2024_metrics.json,results/predictions/ETTh1_transformer_multivariate_len96_h96_seed2024_predictions.csv,results/logs/ETTh1_transformer_multivariate_len96_h96_seed2024_config.yaml
2026-07-01T22:02:13.290488+00:00,ETTh1_lstm_multivariate_len96_h96_seed3407,ETTh1,lstm,recurrent,multivariate,96,96,3407,7,58208,58208,100,14,4,0.44521877581073394,True,2.534881830215454,3.2886327612295694,32.0686149597168,results/checkpoints/ETTh1_lstm_multivariate_len96_h96_seed3407_best.pt,results/metrics/ETTh1_lstm_multivariate_len96_h96_seed3407_metrics.json,results/predictions/ETTh1_lstm_multivariate_len96_h96_seed3407_predictions.csv,results/logs/ETTh1_lstm_multivariate_len96_h96_seed3407_config.yaml
2026-07-01T22:03:24.981479+00:00,ETTh1_transformer_multivariate_len96_h96_seed3407,ETTh1,transformer,attention,multivariate,96,96,3407,7,73696,73696,100,12,2,0.2855442427435229,True,2.418776273727417,3.0104282647319747,30.599773406982422,results/checkpoints/ETTh1_transformer_multivariate_len96_h96_seed3407_best.pt,results/metrics/ETTh1_transformer_multivariate_len96_h96_seed3407_metrics.json,results/predictions/ETTh1_transformer_multivariate_len96_h96_seed3407_predictions.csv,results/logs/ETTh1_transformer_multivariate_len96_h96_seed3407_config.yaml
2026-07-01T22:04:13.930202+00:00,ETTh2_lstm_multivariate_len96_h24_seed42,ETTh2,lstm,recurrent,multivariate,96,24,42,7,53528,53528,100,14,4,0.17029527891725854,True,3.5088582038879395,4.679678329433314,13.199545860290527,results/checkpoints/ETTh2_lstm_multivariate_len96_h24_seed42_best.pt,results/metrics/ETTh2_lstm_multivariate_len96_h24_seed42_metrics.json,results/predictions/ETTh2_lstm_multivariate_len96_h24_seed42_predictions.csv,results/logs/ETTh2_lstm_multivariate_len96_h24_seed42_config.yaml
2026-07-01T22:05:43.010803+00:00,ETTh2_transformer_multivariate_len96_h24_seed42,ETTh2,transformer,attention,multivariate,96,24,42,7,69016,69016,100,15,5,0.09522521945977476,True,3.0405941009521484,4.133036097227007,11.438040733337402,results/checkpoints/ETTh2_transformer_multivariate_len96_h24_seed42_best.pt,results/metrics/ETTh2_transformer_multivariate_len96_h24_seed42_metrics.json,results/predictions/ETTh2_transformer_multivariate_len96_h24_seed42_predictions.csv,results/logs/ETTh2_transformer_multivariate_len96_h24_seed42_config.yaml
2026-07-01T22:06:40.265788+00:00,ETTh2_lstm_multivariate_len96_h24_seed2024,ETTh2,lstm,recurrent,multivariate,96,24,2024,7,53528,53528,100,18,8,0.1677784669854932,True,3.268519401550293,4.451440110939301,12.295445442199707,results/checkpoints/ETTh2_lstm_multivariate_len96_h24_seed2024_best.pt,results/metrics/ETTh2_lstm_multivariate_len96_h24_seed2024_metrics.json,results/predictions/ETTh2_lstm_multivariate_len96_h24_seed2024_predictions.csv,results/logs/ETTh2_lstm_multivariate_len96_h24_seed2024_config.yaml
2026-07-01T22:07:52.615982+00:00,ETTh2_transformer_multivariate_len96_h24_seed2024,ETTh2,transformer,attention,multivariate,96,24,2024,7,69016,69016,100,12,2,0.12179367110114797,True,3.0996415615081787,4.146123495762549,11.660163879394531,results/checkpoints/ETTh2_transformer_multivariate_len96_h24_seed2024_best.pt,results/metrics/ETTh2_transformer_multivariate_len96_h24_seed2024_metrics.json,results/predictions/ETTh2_transformer_multivariate_len96_h24_seed2024_predictions.csv,results/logs/ETTh2_transformer_multivariate_len96_h24_seed2024_config.yaml
2026-07-01T22:09:02.263524+00:00,ETTh2_lstm_multivariate_len96_h24_seed3407,ETTh2,lstm,recurrent,multivariate,96,24,3407,7,53528,53528,100,22,12,0.17673766554210396,True,4.134500026702881,5.51851969289139,15.55307388305664,results/checkpoints/ETTh2_lstm_multivariate_len96_h24_seed3407_best.pt,results/metrics/ETTh2_lstm_multivariate_len96_h24_seed3407_metrics.json,results/predictions/ETTh2_lstm_multivariate_len96_h24_seed3407_predictions.csv,results/logs/ETTh2_lstm_multivariate_len96_h24_seed3407_config.yaml
2026-07-01T22:10:37.575490+00:00,ETTh2_transformer_multivariate_len96_h24_seed3407,ETTh2,transformer,attention,multivariate,96,24,3407,7,69016,69016,100,16,6,0.09353403759943425,True,3.092175006866455,4.23464030317977,11.632076263427734,results/checkpoints/ETTh2_transformer_multivariate_len96_h24_seed3407_best.pt,results/metrics/ETTh2_transformer_multivariate_len96_h24_seed3407_metrics.json,results/predictions/ETTh2_transformer_multivariate_len96_h24_seed3407_predictions.csv,results/logs/ETTh2_transformer_multivariate_len96_h24_seed3407_config.yaml
2026-07-01T22:11:19.135837+00:00,ETTh2_lstm_multivariate_len96_h48_seed42,ETTh2,lstm,recurrent,multivariate,96,48,42,7,55088,55088,100,13,3,0.31678579477255275,True,4.723042964935303,6.057403624646041,17.76160430908203,results/checkpoints/ETTh2_lstm_multivariate_len96_h48_seed42_best.pt,results/metrics/ETTh2_lstm_multivariate_len96_h48_seed42_metrics.json,results/predictions/ETTh2_lstm_multivariate_len96_h48_seed42_predictions.csv,results/logs/ETTh2_lstm_multivariate_len96_h48_seed42_config.yaml
2026-07-01T22:12:24.746157+00:00,ETTh2_transformer_multivariate_len96_h48_seed42,ETTh2,transformer,attention,multivariate,96,48,42,7,70576,70576,100,11,1,0.22821653769520556,True,4.391900539398193,5.5732058251015015,16.51630210876465,results/checkpoints/ETTh2_transformer_multivariate_len96_h48_seed42_best.pt,results/metrics/ETTh2_transformer_multivariate_len96_h48_seed42_metrics.json,results/predictions/ETTh2_transformer_multivariate_len96_h48_seed42_predictions.csv,results/logs/ETTh2_transformer_multivariate_len96_h48_seed42_config.yaml
2026-07-01T22:13:12.697681+00:00,ETTh2_lstm_multivariate_len96_h48_seed2024,ETTh2,lstm,recurrent,multivariate,96,48,2024,7,55088,55088,100,15,5,0.40944215129403505,True,4.211747169494629,5.5327148222037446,15.838811874389648,results/checkpoints/ETTh2_lstm_multivariate_len96_h48_seed2024_best.pt,results/metrics/ETTh2_lstm_multivariate_len96_h48_seed2024_metrics.json,results/predictions/ETTh2_lstm_multivariate_len96_h48_seed2024_predictions.csv,results/logs/ETTh2_lstm_multivariate_len96_h48_seed2024_config.yaml
2026-07-01T22:14:29.970221+00:00,ETTh2_transformer_multivariate_len96_h48_seed2024,ETTh2,transformer,attention,multivariate,96,48,2024,7,70576,70576,100,13,3,0.157276051289149,True,3.8724331855773926,5.062165237472943,14.562779426574707,results/checkpoints/ETTh2_transformer_multivariate_len96_h48_seed2024_best.pt,results/metrics/ETTh2_transformer_multivariate_len96_h48_seed2024_metrics.json,results/predictions/ETTh2_transformer_multivariate_len96_h48_seed2024_predictions.csv,results/logs/ETTh2_transformer_multivariate_len96_h48_seed2024_config.yaml
2026-07-01T22:40:28.601869+00:00,ETTh2_lstm_multivariate_len96_h48_seed3407,ETTh2,lstm,recurrent,multivariate,96,48,3407,7,55088,55088,100,16,6,0.27079486175532336,True,4.882023334503174,6.491569921174993,18.35947036743164,results/checkpoints/ETTh2_lstm_multivariate_len96_h48_seed3407_best.pt,results/metrics/ETTh2_lstm_multivariate_len96_h48_seed3407_metrics.json,results/predictions/ETTh2_lstm_multivariate_len96_h48_seed3407_predictions.csv,results/logs/ETTh2_lstm_multivariate_len96_h48_seed3407_config.yaml
2026-07-01T22:42:12.371653+00:00,ETTh2_transformer_multivariate_len96_h48_seed3407,ETTh2,transformer,attention,multivariate,96,48,3407,7,70576,70576,100,16,6,0.18517319367585403,True,3.936516523361206,5.085923811605523,14.803772926330566,results/checkpoints/ETTh2_transformer_multivariate_len96_h48_seed3407_best.pt,results/metrics/ETTh2_transformer_multivariate_len96_h48_seed3407_metrics.json,results/predictions/ETTh2_transformer_multivariate_len96_h48_seed3407_predictions.csv,results/logs/ETTh2_transformer_multivariate_len96_h48_seed3407_config.yaml
2026-07-01T22:42:53.436843+00:00,ETTh2_lstm_multivariate_len96_h96_seed42,ETTh2,lstm,recurrent,multivariate,96,96,42,7,58208,58208,100,13,3,0.8266012484027493,True,5.702912330627441,7.382304566687291,21.40548324584961,results/checkpoints/ETTh2_lstm_multivariate_len96_h96_seed42_best.pt,results/metrics/ETTh2_lstm_multivariate_len96_h96_seed42_metrics.json,results/predictions/ETTh2_lstm_multivariate_len96_h96_seed42_predictions.csv,results/logs/ETTh2_lstm_multivariate_len96_h96_seed42_config.yaml
2026-07-01T22:44:10.082967+00:00,ETTh2_transformer_multivariate_len96_h96_seed42,ETTh2,transformer,attention,multivariate,96,96,42,7,73696,73696,100,12,2,0.26924163649159094,True,4.869012355804443,6.177440750906238,18.275497436523438,results/checkpoints/ETTh2_transformer_multivariate_len96_h96_seed42_best.pt,results/metrics/ETTh2_transformer_multivariate_len96_h96_seed42_metrics.json,results/predictions/ETTh2_transformer_multivariate_len96_h96_seed42_predictions.csv,results/logs/ETTh2_transformer_multivariate_len96_h96_seed42_config.yaml
2026-07-01T22:44:45.219538+00:00,ETTh2_lstm_multivariate_len96_h96_seed2024,ETTh2,lstm,recurrent,multivariate,96,96,2024,7,58208,58208,100,11,1,0.7562549311114896,True,6.40183162689209,7.764203991198541,24.028827667236328,results/checkpoints/ETTh2_lstm_multivariate_len96_h96_seed2024_best.pt,results/metrics/ETTh2_lstm_multivariate_len96_h96_seed2024_metrics.json,results/predictions/ETTh2_lstm_multivariate_len96_h96_seed2024_predictions.csv,results/logs/ETTh2_lstm_multivariate_len96_h96_seed2024_config.yaml
2026-07-01T22:46:22.812978+00:00,ETTh2_transformer_multivariate_len96_h96_seed2024,ETTh2,transformer,attention,multivariate,96,96,2024,7,73696,73696,100,15,5,0.36043751178249234,True,4.768466949462891,6.056606298778091,17.898107528686523,results/checkpoints/ETTh2_transformer_multivariate_len96_h96_seed2024_best.pt,results/metrics/ETTh2_transformer_multivariate_len96_h96_seed2024_metrics.json,results/predictions/ETTh2_transformer_multivariate_len96_h96_seed2024_predictions.csv,results/logs/ETTh2_transformer_multivariate_len96_h96_seed2024_config.yaml
2026-07-01T22:47:01.000387+00:00,ETTh2_lstm_multivariate_len96_h96_seed3407,ETTh2,lstm,recurrent,multivariate,96,96,3407,7,58208,58208,100,12,2,0.7277269384937901,True,6.063677787780762,7.421636252327732,22.75959014892578,results/checkpoints/ETTh2_lstm_multivariate_len96_h96_seed3407_best.pt,results/metrics/ETTh2_lstm_multivariate_len96_h96_seed3407_metrics.json,results/predictions/ETTh2_lstm_multivariate_len96_h96_seed3407_predictions.csv,results/logs/ETTh2_lstm_multivariate_len96_h96_seed3407_config.yaml
2026-07-01T22:48:24.897961+00:00,ETTh2_transformer_multivariate_len96_h96_seed3407,ETTh2,transformer,attention,multivariate,96,96,3407,7,73696,73696,100,13,3,0.3108922045461593,True,4.692748069763184,5.929555295895307,17.613901138305664,results/checkpoints/ETTh2_transformer_multivariate_len96_h96_seed3407_best.pt,results/metrics/ETTh2_transformer_multivariate_len96_h96_seed3407_metrics.json,results/predictions/ETTh2_transformer_multivariate_len96_h96_seed3407_predictions.csv,results/logs/ETTh2_transformer_multivariate_len96_h96_seed3407_config.yaml
2026-07-01T23:04:56.999574+00:00,ETTh1_lstm_regularized_multivariate_len96_h96_seed42,ETTh1,lstm_regularized,recurrent,multivariate,96,96,42,7,58208,58208,100,12,2,0.4300647910948723,True,2.7581734657287598,3.5170563221300095,34.893463134765625,results/checkpoints/ETTh1_lstm_regularized_multivariate_len96_h96_seed42_best.pt,results/metrics/ETTh1_lstm_regularized_multivariate_len96_h96_seed42_metrics.json,results/predictions/ETTh1_lstm_regularized_multivariate_len96_h96_seed42_predictions.csv,results/logs/ETTh1_lstm_regularized_multivariate_len96_h96_seed42_config.yaml
2026-07-01T23:06:27.848793+00:00,ETTh1_transformer_regularized_multivariate_len96_h96_seed42,ETTh1,transformer_regularized,attention,multivariate,96,96,42,7,73696,73696,100,14,4,0.2846384378402464,True,2.4439706802368164,3.072540794703893,30.918506622314453,results/checkpoints/ETTh1_transformer_regularized_multivariate_len96_h96_seed42_best.pt,results/metrics/ETTh1_transformer_regularized_multivariate_len96_h96_seed42_metrics.json,results/predictions/ETTh1_transformer_regularized_multivariate_len96_h96_seed42_predictions.csv,results/logs/ETTh1_transformer_regularized_multivariate_len96_h96_seed42_config.yaml
2026-07-01T23:07:08.844388+00:00,ETTh1_lstm_regularized_multivariate_len96_h96_seed2024,ETTh1,lstm_regularized,recurrent,multivariate,96,96,2024,7,58208,58208,100,11,1,0.5066044502873575,True,2.8363513946533203,3.6077014296373964,35.882484436035156,results/checkpoints/ETTh1_lstm_regularized_multivariate_len96_h96_seed2024_best.pt,results/metrics/ETTh1_lstm_regularized_multivariate_len96_h96_seed2024_metrics.json,results/predictions/ETTh1_lstm_regularized_multivariate_len96_h96_seed2024_predictions.csv,results/logs/ETTh1_lstm_regularized_multivariate_len96_h96_seed2024_config.yaml
2026-07-01T23:08:31.378057+00:00,ETTh1_transformer_regularized_multivariate_len96_h96_seed2024,ETTh1,transformer_regularized,attention,multivariate,96,96,2024,7,73696,73696,100,13,3,0.2652835895553712,True,2.4358863830566406,3.0478468689886964,30.81623077392578,results/checkpoints/ETTh1_transformer_regularized_multivariate_len96_h96_seed2024_best.pt,results/metrics/ETTh1_transformer_regularized_multivariate_len96_h96_seed2024_metrics.json,results/predictions/ETTh1_transformer_regularized_multivariate_len96_h96_seed2024_predictions.csv,results/logs/ETTh1_transformer_regularized_multivariate_len96_h96_seed2024_config.yaml
2026-07-01T23:09:06.498806+00:00,ETTh1_lstm_regularized_multivariate_len96_h96_seed3407,ETTh1,lstm_regularized,recurrent,multivariate,96,96,3407,7,58208,58208,100,11,1,0.45813239266795497,True,2.689307689666748,3.4235431663540696,34.02224349975586,results/checkpoints/ETTh1_lstm_regularized_multivariate_len96_h96_seed3407_best.pt,results/metrics/ETTh1_lstm_regularized_multivariate_len96_h96_seed3407_metrics.json,results/predictions/ETTh1_lstm_regularized_multivariate_len96_h96_seed3407_predictions.csv,results/logs/ETTh1_lstm_regularized_multivariate_len96_h96_seed3407_config.yaml
2026-07-01T23:11:00.175944+00:00,ETTh1_transformer_regularized_multivariate_len96_h96_seed3407,ETTh1,transformer_regularized,attention,multivariate,96,96,3407,7,73696,73696,100,18,8,0.25758507628594673,True,2.2778754234313965,2.862324511883327,28.817245483398438,results/checkpoints/ETTh1_transformer_regularized_multivariate_len96_h96_seed3407_best.pt,results/metrics/ETTh1_transformer_regularized_multivariate_len96_h96_seed3407_metrics.json,results/predictions/ETTh1_transformer_regularized_multivariate_len96_h96_seed3407_predictions.csv,results/logs/ETTh1_transformer_regularized_multivariate_len96_h96_seed3407_config.yaml
2026-07-01T23:11:59.110732+00:00,ETTh2_lstm_regularized_multivariate_len96_h96_seed42,ETTh2,lstm_regularized,recurrent,multivariate,96,96,42,7,58208,58208,100,17,7,0.6057391605069561,True,5.148460388183594,6.505599324489696,19.324386596679688,results/checkpoints/ETTh2_lstm_regularized_multivariate_len96_h96_seed42_best.pt,results/metrics/ETTh2_lstm_regularized_multivariate_len96_h96_seed42_metrics.json,results/predictions/ETTh2_lstm_regularized_multivariate_len96_h96_seed42_predictions.csv,results/logs/ETTh2_lstm_regularized_multivariate_len96_h96_seed42_config.yaml
2026-07-01T23:14:37.846352+00:00,ETTh2_transformer_regularized_multivariate_len96_h96_seed42,ETTh2,transformer_regularized,attention,multivariate,96,96,42,7,73696,73696,100,25,15,0.31726657352139875,True,4.8760528564453125,6.099931134945232,18.301921844482422,results/checkpoints/ETTh2_transformer_regularized_multivariate_len96_h96_seed42_best.pt,results/metrics/ETTh2_transformer_regularized_multivariate_len96_h96_seed42_metrics.json,results/predictions/ETTh2_transformer_regularized_multivariate_len96_h96_seed42_predictions.csv,results/logs/ETTh2_transformer_regularized_multivariate_len96_h96_seed42_config.yaml
2026-07-01T23:15:13.315246+00:00,ETTh2_lstm_regularized_multivariate_len96_h96_seed2024,ETTh2,lstm_regularized,recurrent,multivariate,96,96,2024,7,58208,58208,100,11,1,0.7180579056278352,True,6.297369480133057,7.6284387057511545,23.636735916137695,results/checkpoints/ETTh2_lstm_regularized_multivariate_len96_h96_seed2024_best.pt,results/metrics/ETTh2_lstm_regularized_multivariate_len96_h96_seed2024_metrics.json,results/predictions/ETTh2_lstm_regularized_multivariate_len96_h96_seed2024_predictions.csv,results/logs/ETTh2_lstm_regularized_multivariate_len96_h96_seed2024_config.yaml
2026-07-01T23:18:04.238802+00:00,ETTh2_transformer_regularized_multivariate_len96_h96_seed2024,ETTh2,transformer_regularized,attention,multivariate,96,96,2024,7,73696,73696,100,27,17,0.3546047361435429,True,4.718493461608887,5.943680608205936,17.710535049438477,results/checkpoints/ETTh2_transformer_regularized_multivariate_len96_h96_seed2024_best.pt,results/metrics/ETTh2_transformer_regularized_multivariate_len96_h96_seed2024_metrics.json,results/predictions/ETTh2_transformer_regularized_multivariate_len96_h96_seed2024_predictions.csv,results/logs/ETTh2_transformer_regularized_multivariate_len96_h96_seed2024_config.yaml
2026-07-01T23:18:43.087476+00:00,ETTh2_lstm_regularized_multivariate_len96_h96_seed3407,ETTh2,lstm_regularized,recurrent,multivariate,96,96,3407,7,58208,58208,100,12,2,0.5593433007886333,True,5.674906253814697,7.009163716669777,21.30036163330078,results/checkpoints/ETTh2_lstm_regularized_multivariate_len96_h96_seed3407_best.pt,results/metrics/ETTh2_lstm_regularized_multivariate_len96_h96_seed3407_metrics.json,results/predictions/ETTh2_lstm_regularized_multivariate_len96_h96_seed3407_predictions.csv,results/logs/ETTh2_lstm_regularized_multivariate_len96_h96_seed3407_config.yaml
2026-07-01T23:21:15.579028+00:00,ETTh2_transformer_regularized_multivariate_len96_h96_seed3407,ETTh2,transformer_regularized,attention,multivariate,96,96,3407,7,73696,73696,100,24,14,0.3552981322811496,True,4.784433841705322,6.021217025973815,17.958038330078125,results/checkpoints/ETTh2_transformer_regularized_multivariate_len96_h96_seed3407_best.pt,results/metrics/ETTh2_transformer_regularized_multivariate_len96_h96_seed3407_metrics.json,results/predictions/ETTh2_transformer_regularized_multivariate_len96_h96_seed3407_predictions.csv,results/logs/ETTh2_transformer_regularized_multivariate_len96_h96_seed3407_config.yaml
2026-07-01T23:47:31.724619+00:00,ETTh1_dlinear_multivariate_len96_h24_seed42,ETTh1,dlinear,linear,multivariate,96,24,42,7,32304,32304,100,50,40,0.03986715558920924,True,1.4418936967849731,1.9135986388863473,18.324447631835938,results/checkpoints/ETTh1_dlinear_multivariate_len96_h24_seed42_best.pt,results/metrics/ETTh1_dlinear_multivariate_len96_h24_seed42_metrics.json,results/predictions/ETTh1_dlinear_multivariate_len96_h24_seed42_predictions.csv,results/logs/ETTh1_dlinear_multivariate_len96_h24_seed42_config.yaml
2026-07-01T23:47:55.319159+00:00,ETTh1_nlinear_multivariate_len96_h24_seed42,ETTh1,nlinear,linear,multivariate,96,24,42,7,16152,16152,100,24,14,0.03760704610143063,True,1.4267959594726562,1.9139484605098214,18.13257598876953,results/checkpoints/ETTh1_nlinear_multivariate_len96_h24_seed42_best.pt,results/metrics/ETTh1_nlinear_multivariate_len96_h24_seed42_metrics.json,results/predictions/ETTh1_nlinear_multivariate_len96_h24_seed42_predictions.csv,results/logs/ETTh1_nlinear_multivariate_len96_h24_seed42_config.yaml
